date,services,abbrev,time,filename_each,streetlevel_airtemp_c,turnstile_level_airtemp_c
070824,1,SF,A,"FLIR0708241SFA01, FLIR0708241SFA02, FLIR0708241SFA03, FLIR0708241SFA04, FLIR0708241SFA05, FLIR0708241SFA06",33.9,
070824,1,WTC,A,"FLIR0708241WTCA01, FLIR0708241WTCA02, FLIR0708241WTCA03, FLIR0708241WTCA04, FLIR0708241WTCA05",31.5,
070924,1,SF,A,"FLIR0709241SFA01, FLIR0709241SFA02, FLIR0709241SFA03",31.7,
070924,1,WTC,A,"FLIR0709241WTCA01, FLIR0709241WTCA02, FLIR0709241WTCA03, FLIR0709241WTCA04",32.3,
071024,1,SF,A,"FLIR0710241SFA01, FLIR0710241SFA02",33.5,
071024,1,WTC,A,"FLIR0710241WTCA01, FLIR0710241WTCA02, FLIR0710241WTCA03, FLIR0710241WTCA04",31.9,
071524,1,SF,A,"FLIR0715241SFA01, FLIR0715241SFA02, FLIR0715241SFA03, FLIR0715241SFA04, FLIR0715241SFA05, FLIR0715241SFA06",33.9,
071524,1,WTC,A,"FLIR0715241WTCA01, FLIR0715241WTCA02, FLIR0715241WTCA03, FLIR0715241WTCA04, FLIR0715241WTCA05",31.5,
071624,1,SF,A,"FLIR0716241SFA01, FLIR0716241SFA02, FLIR0716241SFA03, FLIR0716241SFA04",34.5,
071624,1,WTC,A,"FLIR0716241WTCA01, FLIR0716241WTCA02, FLIR0716241WTCA03, FLIR0716241WTCA04",31.9,
071724,1,SF,A,"FLIR0717241SFA01, FLIR0717241SFA02, FLIR0717241SFA03, FLIR0717241SFA04, FLIR0717241SFA05, FLIR0717241SFA06",33.9,
071724,1,WTC,A,"FLIR0717241WTCA01, FLIR0717241WTCA02, FLIR0717241WTCA03, FLIR0717241WTCA04, FLIR0717241WTCA05, FLIR0717241WTCA06",31.6,
072424,1,SF,A,"FLIR0724241SFA01, FLIR0724241SFA02, FLIR0724241SFA03, FLIR0724241SFA04, FLIR0724241SFA05, FLIR0724241SFA06, FLIR0724241SFA07",32.2,
072424,1,WTC,A,"FLIR0724241WTCA01, FLIR0724241WTCA02, FLIR0724241WTCA03, FLIR0724241WTCA04, FLIR0724241WTCA05, FLIR0724241WTCA06",31.2,
072524,1,SF,A,"FLIR0725241SFA01, FLIR0725241SFA02, FLIR0725241SFA03, FLIR0725241SFA04",33.2,
072524,1,WTC,A,"FLIR0725241WTCA01, FLIR0725241WTCA02, FLIR0725241WTCA03, FLIR0725241WTCA04, FLIR0725241WTCA05",30.2,
071124,1,SF,A,"FLIR0711241SFA01, FLIR0711241SFA02, FLIR0711241SFA03",31.4,33.4
071124,1,WTC,A,"FLIR0711241WTCA01, FLIR0711241WTCA02, FLIR0711241WTCA03",29.1,29.3
072924,1,SF,A,"FLIR0729241SFA01, FLIR0729241SFA02, FLIR0729241SFA03",29.9,31.1
072924,1,WTC,A,"FLIR0729241WTCA01, FLIR0729241WTCA02, FLIR0729241WTCA03",29.8,28.0
073024,1,SF,A,"FLIR0730241SFA01, FLIR0730241SFA02, FLIR0730241SFA03",31.7,32.9
073024,1,WTC,A,"FLIR0730241WTCA01, FLIR0730241WTCA02, FLIR0730241WTCA03",27.6,29.8
073124,1,SF,A,"FLIR0731241SFA01, FLIR0731241SFA02, FLIR0731241SFA03, FLIR0731241SFA04",33.3,
073124,1,WTC,A,"FLIR0731241WTCA01, FLIR0731241WTCA02, FLIR0731241WTCA03, FLIR0731241WTCA04",31.5,
080124,1,SF,A,"FLIR0801241SFA01, FLIR0801241SFA02, FLIR0801241SFA03",33.0,34.2
080124,1,WTC,A,"FLIR0801241WTCA01, FLIR0801241WTCA02, FLIR0801241WTCA03",30.7,29.5
070824,7,34,A,"FLIR070824734A01, FLIR070824734A02, FLIR070824734A03, FLIR070824734A04, FLIR070824734A05, FLIR070824734A06, FLIR070824734A07",31.7,31.7
070824,7,42,A,"FLIR070824742A01, FLIR070824742A02, FLIR070824742A03, FLIR070824742A04, FLIR070824742A05, FLIR070824742A06",32.3,
070924,7,34,A,"FLIR070924734A01, FLIR070924734A02, FLIR070924734A03, FLIR070924734A04, FLIR070924734A05, FLIR070924734A06",31.6,31.7
070924,7,42,A,"FLIR070924742A01, FLIR070924742A02, FLIR070924742A03, FLIR070924742A04, FLIR070924742A05, FLIR070924742A06",32.5,
071024,7,34,A,"FLIR071024734A01, FLIR071024734A02, FLIR071024734A03, FLIR071024734A04, FLIR071024734A05, FLIR071024734A06",32.2,32.1
071024,7,42,A,"FLIR071024742A01, FLIR071024742A02, FLIR071024742A03, FLIR071024742A04, FLIR071024742A05, FLIR071024742A06, FLIR071024742A07",32.6,
071524,7,34,A,"FLIR071524734A01, FLIR071524734A02, FLIR071524734A03, FLIR071524734A04",31.9,31.6
071524,7,42,A,"FLIR071524742A01, FLIR071524742A02, FLIR071524742A03, FLIR071524742A04, FLIR071524742A05",31.8,
071624,7,34,A,"FLIR071624734A01, FLIR071624734A02, FLIR071624734A03, FLIR071624734A04, FLIR071624734A05, FLIR071624734A06, FLIR071624734A07, FLIR071624734A08",31.7,31.6
071624,7,42,A,"FLIR071624742A01, FLIR071624742A02, FLIR071624742A03, FLIR071624742A04",32.3,
071724,7,34,A,"FLIR071724734A01, FLIR071724734A02, FLIR071724734A03, FLIR071724734A04",31.9,
071724,7,42,A,"FLIR071724742A01, FLIR071724742A02, FLIR071724742A03, FLIR071724742A04",32.6,
072224,7,34,A,"FLIR072224734A01, FLIR072224734A02, FLIR072224734A03, FLIR072224734A04, FLIR072224734A05",31.1,31.4
072224,7,42,A,"FLIR072224742A01, FLIR072224742A02, FLIR072224742A03, FLIR072224742A04, FLIR072224742A05",32.4,
072424,7,34,A,"FLIR072424734A01, FLIR072424734A02, FLIR072424734A03, FLIR072424734A04, FLIR072424734A05",31.4,31.4
072424,7,42,A,"FLIR072424742A01, FLIR072424742A02, FLIR072424742A03",32.8,
072524,7,34,A,"FLIR072524734A01, FLIR072524734A02, FLIR072524734A03, FLIR072524734A04",30.9,31.6
072524,7,42,A,"FLIR072524742A01, FLIR072524742A02, FLIR072524742A03, FLIR072524742A04, FLIR072524742A05",31.7,
071124,7,34,M,"FLIR071124734M01, FLIR071124734M02, FLIR071124734M03, FLIR071124734M04",29.2,29.8
071124,7,42,M,"FLIR071124742M01, FLIR071124742M02, FLIR071124742M03, FLIR071124742M04",30.2,31.3
072924,7,34,A,"FLIR072924734A01, FLIR072924734A02, FLIR072924734A03",28.9,27.8
072924,7,42,A,"FLIR072924742A01, FLIR072924742A02, FLIR072924742A03",30.4,30.7
073024,7,34,A,"FLIR073024734A01, FLIR073024734A02, FLIR073024734A03",29.8,29.1
073024,7,42,A,"FLIR073024742A01, FLIR073024742A02, FLIR073024742A03",31.0,30.9
073124,7,34,A,"FLIR073124734A01, FLIR073124734A02, FLIR073124734A03",30.7,31.0
073124,7,42,A,"FLIR073124742A01, FLIR073124742A02, FLIR073124742A03",31.9,
080124,7,34,A,"FLIR080124734A01, FLIR080124734A02, FLIR080124734A03",29.8,30.6
080124,7,42,A,"FLIR080124742A01, FLIR080124742A02, FLIR080124742A03",31.8,31.4
070824,23,WS,A,"FLIR07082423WSA01, FLIR07082423WSA02, FLIR07082423WSA03, FLIR07082423WSA04, FLIR07082423WSA05, FLIR07082423WSA06, FLIR07082423WSA07, FLIR07082423WSA08",33.6,
070924,23,WS,A,"FLIR07092423WSA01, FLIR07092423WSA02, FLIR07092423WSA03, FLIR07092423WSA04, FLIR07092423WSA05",33.8,
071024,23,WS,A,"FLIR07102423WSA01, FLIR07102423WSA02, FLIR07102423WSA03",34.1,
071524,23,WS,A,"FLIR07152423WSA01, FLIR07152423WSA02, FLIR07152423WSA03",33.9,
071624,23,WS,A,"FLIR07162423WSA01, FLIR07162423WSA02, FLIR07162423WSA03, FLIR07162423WSA04, FLIR07162423WSA05, FLIR07162423WSA06",33.9,
071724,23,WS,A,"FLIR07172423WSA01, FLIR07172423WSA02, FLIR07172423WSA03, FLIR07172423WSA04, FLIR07172423WSA05, FLIR07172423WSA06",33.9,
072424,23,WS,A,"FLIR07242423WSA01, FLIR07242423WSA02, FLIR07242423WSA03, FLIR07242423WSA04",32.9,
072524,23,WS,A,"FLIR07252423WSA01, FLIR07252423WSA02, FLIR07252423WSA03, FLIR07252423WSA04, FLIR07252423WSA05, FLIR07252423WSA06",33.0,
071124,23,WS,A,"FLIR07112423WSA01, FLIR07112423WSA02, FLIR07112423WSA03",30.4,33.6
072924,23,WS,A,"FLIR07292423WSA01, FLIR07292423WSA02, FLIR07292423WSA03",33.0,
073024,23,WS,A,"FLIR07302423WSA01, FLIR07302423WSA02, FLIR07302423WSA03",32.5,32.6
073124,23,WS,A,"FLIR07312423WSA01, FLIR07312423WSA02, FLIR07312423WSA03",31.1,
080124,23,WS,A,"FLIR08012423WSA01, FLIR08012423WSA02, FLIR08012423WSA03",31.5,33.3
070824,45,BG,A,"FLIR07082445BGA01, FLIR07082445BGA02, FLIR07082445BGA03, FLIR07082445BGA04, FLIR07082445BGA05",32.8,
070924,45,BG,A,"FLIR07092445BGA01, FLIR07092445BGA02, FLIR07092445BGA03, FLIR07092445BGA04, FLIR07092445BGA05, FLIR07092445BGA06",33.7,
071024,45,BG,A,"FLIR07102445BGA01, FLIR07102445BGA02, FLIR07102445BGA03, FLIR07102445BGA04",33.8,
071524,45,BG,A,"FLIR07152445BGA01, FLIR07152445BGA02, FLIR07152445BGA03, FLIR07152445BGA04",33.4,
071624,45,BG,A,"FLIR07162445BGA01, FLIR07162445BGA02, FLIR07162445BGA03, FLIR07162445BGA04, FLIR07162445BGA05, FLIR07162445BGA06",34.1,
071724,45,BG,A,"FLIR07172445BGA01, FLIR07172445BGA02, FLIR07172445BGA03, FLIR07172445BGA04, FLIR07172445BGA05, FLIR07172445BGA06, FLIR07172445BGA07",33.7,
072424,45,BG,A,"FLIR07242445BGA01, FLIR07242445BGA02, FLIR07242445BGA03, FLIR07242445BGA04",32.8,
072524,45,BG,A,"FLIR07252445BGA01, FLIR07252445BGA02, FLIR07252445BGA03, FLIR07252445BGA04, FLIR07252445BGA05",32.9,
071124,45,BG,A,"FLIR07112445BGA01, FLIR07112445BGA02, FLIR07112445BGA03",31.8,
072924,45,BG,A,"FLIR07292445BGA01, FLIR07292445BGA02",31.2,32.5
073024,45,BG,A,"FLIR07302445BGA01, FLIR07302445BGA02, FLIR07302445BGA03",31.7,31.8
073124,45,BG,A,"FLIR07312445BGA01, FLIR07312445BGA02, FLIR07312445BGA03",32.6,
080124,45,BG,A,"FLIR08012445BGA01, FLIR08012445BGA02, FLIR08012445BGA03",32.9,32.9
070824,456,42,A,"FLIR07082445642A01, FLIR07082445642A02, FLIR07082445642A03, FLIR07082445642A04, FLIR07082445642A05, FLIR07082445642A06",32.7,
070824,456,14,A,"FLIR07082445614A01, FLIR07082445614A02, FLIR07082445614A03, FLIR07082445614A04, FLIR07082445614A05",33.4,
070924,456,42,A,"FLIR07092445642A01, FLIR07092445642A02, FLIR07092445642A03",32.4,
070924,456,14,A,"FLIR07092445614A01, FLIR07092445614A02, FLIR07092445614A03, FLIR07092445614A04, FLIR07092445614A05",33.7,
071024,456,42,A,"FLIR07102445642A01, FLIR07102445642A02, FLIR07102445642A03, FLIR07102445642A04, FLIR07102445642A05, FLIR07102445642A06",32.6,
071024,456,14,A,"FLIR07102445614A01, FLIR07102445614A02, FLIR07102445614A03, FLIR07102445614A04, FLIR07102445614A05",34.6,
071524,456,42,A,"FLIR07152445642A01, FLIR07152445642A02, FLIR07152445642A03, FLIR07152445642A04, FLIR07152445642A05, FLIR07152445642A06",31.8,
071524,456,14,A,"FLIR07152445614A01, FLIR07152445614A02, FLIR07152445614A03, FLIR07152445614A04, FLIR07152445614A05, FLIR07152445614A06",33.1,
071624,456,42,A,"FLIR07162445642A01, FLIR07162445642A02, FLIR07162445642A03, FLIR07162445642A04, FLIR07162445642A05, FLIR07162445642A06, FLIR07162445642A07",32.5,
071624,456,14,A,"FLIR07162445614A01, FLIR07162445614A02, FLIR07162445614A03, FLIR07162445614A04, FLIR07162445614A05, FLIR07162445614A06",34.1,
071724,456,42,A,"FLIR07172445642A01, FLIR07172445642A02, FLIR07172445642A03, FLIR07172445642A04, FLIR07172445642A05, FLIR07172445642A06, FLIR07172445642A07, FLIR07172445642A08",32.6,
071724,456,14,A,"FLIR07172445614A01, FLIR07172445614A02, FLIR07172445614A03, FLIR07172445614A04",33.9,
072224,456,42,A,"FLIR07222445642A01, FLIR07222445642A02, FLIR07222445642A03, FLIR07222445642A04, FLIR07222445642A05, FLIR07222445642A06, FLIR07222445642A07",32.4,
072224,456,14,A,"FLIR07222445614A01, FLIR07222445614A02, FLIR07222445614A03, FLIR07222445614A04, FLIR07222445614A05, FLIR07222445614A06, FLIR07222445614A07, FLIR07222445614A08",34.1,
072424,456,42,A,"FLIR07242445642A01, FLIR07242445642A02, FLIR07242445642A03, FLIR07242445642A04, FLIR07242445642A05",32.2,
072424,456,14,A,"FLIR07242445614A01, FLIR07242445614A02, FLIR07242445614A03, FLIR07242445614A04, FLIR07242445614A05, FLIR07242445614A06",31.4,
072524,456,42,A,"FLIR07252445642A01, FLIR07252445642A02, FLIR07252445642A03, FLIR07252445642A04",31.7,
072524,456,14,A,"FLIR07252445614A01, FLIR07252445614A02, FLIR07252445614A03, FLIR07252445614A04",32.8,
071124,456,42,M,"FLIR07112445642M01, FLIR07112445642M02, FLIR07112445642M03, FLIR07112445642M04",32.4,32.6
071124,456,14,M,"FLIR07112445614M01, FLIR07112445614M02, FLIR07112445614M03, FLIR07112445614M04",34.2,36.8
072924,456,42,A,"FLIR07292445642A01, FLIR07292445642A02, FLIR07292445642A03",30.3,32.2
072924,456,14,A,"FLIR07292445614A01, FLIR07292445614A02, FLIR07292445614A03",31.6,32.4
073024,456,42,A,"FLIR07302445642A01, FLIR07302445642A02, FLIR07302445642A03",31.0,32.2
073024,456,14,A,"FLIR07302445614A01, FLIR07302445614A02, FLIR07302445614A03",33.8,37.3
073124,456,42,A,"FLIR07312445642A01, FLIR07312445642A02, FLIR07312445642A03",31.6,32.3
073124,456,14,A,"FLIR07312445614A01, FLIR07312445614A02, FLIR07312445614A03, FLIR07312445614A04, FLIR07312445614A05",34.1,35.9
080124,456,42,A,"FLIR08012445642A01, FLIR08012445642A02, FLIR08012445642A03",32.7,31.7
080124,456,14,A,"FLIR08012445614A01, FLIR08012445614A02, FLIR08012445614A03, FLIR08012445614A04",33.9,35.1
070224,BD,205,A,"FLIR070224BD205A01, FLIR070224BD205A02, FLIR070224BD205A03",28.9,
070224,BD,161,A,"FLIR070224BD161A01, FLIR070224BD161A02, FLIR070224BD161A03, FLIR070224BD161A04",29.4,
070224,BD,205,A,"FLIR070224BD205A01, FLIR070224BD205A02, FLIR070224BD205A03",28.8,
070224,BD,161,A,"FLIR070224BD161A01, FLIR070224BD161A02, FLIR070224BD161A03",30.1,
070324,BD,205,M,"FLIR070324BD205M01, FLIR070324BD205M02, FLIR070324BD205M03, FLIR070324BD205M04",26.8,
070324,BD,161,M,"FLIR070324BD161M01, FLIR070324BD161M02, FLIR070324BD161M03, FLIR070324BD161M04, FLIR070324BD161M05",29.2,
070324,BD,205,A,"FLIR070324BD205A01, FLIR070324BD205A02, FLIR070324BD205A03, FLIR070324BD205A04",28.2,
070324,BD,BPB,A,"FLIR070324BDBPBA01, FLIR070324BDBPBA02, FLIR070324BDBPBA03",28.6,
070324,BD,KR,A,"FLIR070324BDKRA01, FLIR070324BDKRA02, FLIR070324BDKRA03, FLIR070324BDKRA04",28.9,
070324,BD,FR,A,"FLIR070324BDFRA01, FLIR070324BDFRA02, FLIR070324BDFRA03, FLIR070324BDFRA04",28.2,
070324,BD,182,A,"FLIR070324BD182A01, FLIR070324BD182A02, FLIR070324BD182A03",28.7,
070324,BD,TA,A,"FLIR070324BDTAA01, FLIR070324BDTAA02, FLIR070324BDTAA03",27.4,
070324,BD,174,A,"FLIR070324BD174A01, FLIR070324BD174A02, FLIR070324BD174A03",29.1,
070324,BD,170,A,"FLIR070324BD170A01, FLIR070324BD170A02, FLIR070324BD170A03",28.1,
070324,BD,167,A,"FLIR070324BD167A01, FLIR070324BD167A02, FLIR070324BD167A03, FLIR070324BD167A04",28.3,
070324,BD,161,A,"FLIR070324BD161A01, FLIR070324BD161A02, FLIR070324BD161A03, FLIR070324BD161A04, FLIR070324BD161A05, FLIR070324BD161A06, FLIR070324BD161A07",28.6,
070924,BD,205,M,"FLIR070924BD205M01, FLIR070924BD205M02, FLIR070924BD205M03, FLIR070924BD205M04",29.9,
070924,BD,BPB,M,"FLIR070924BDBPBM01, FLIR070924BDBPBM02, FLIR070924BDBPBM03",29.6,
070924,BD,KR,M,"FLIR070924BDKRM01, FLIR070924BDKRM02",30.2,
070924,BD,FR,M,"FLIR070924BDFRM01, FLIR070924BDFRM02, FLIR070924BDFRM03",31.4,
070924,BD,182,M,"FLIR070924BD182M01, FLIR070924BD182M02",30.9,
070924,BD,TA,M,"FLIR070924BDTAM01, FLIR070924BDTAM02",30.3,
070924,BD,174,M,"FLIR070924BD174M01, FLIR070924BD174M02, FLIR070924BD174M03",30.4,
070924,BD,170,M,"FLIR070924BD170M01, FLIR070924BD170M02",30.7,
070924,BD,167,M,"FLIR070924BD167M01, FLIR070924BD167M02",30.9,
070924,BD,161,M,"FLIR070924BD161M01, FLIR070924BD161M02",30.6,
070924,BD,205,M,"FLIR070924BD205M01, FLIR070924BD205M02, FLIR070924BD205M03",32.1,
070924,BD,BPB,M,"FLIR070924BDBPBM01, FLIR070924BDBPBM02, FLIR070924BDBPBM03",31.4,
070924,BD,KR,A,"FLIR070924BDKRA01, FLIR070924BDKRA02, FLIR070924BDKRA03",29.8,
070924,BD,FR,A,"FLIR070924BDFRA01, FLIR070924BDFRA02, FLIR070924BDFRA03, FLIR070924BDFRA04, FLIR070924BDFRA05, FLIR070924BDFRA06, FLIR070924BDFRA07, FLIR070924BDFRA08",29.9,
070924,BD,182,A,"FLIR070924BD182A01, FLIR070924BD182A02",30.7,
070924,BD,TA,A,"FLIR070924BDTAA01, FLIR070924BDTAA02, FLIR070924BDTAA03",31.4,
070924,BD,174,A,"FLIR070924BD174A01, FLIR070924BD174A02",31.3,
070924,BD,170,A,"FLIR070924BD170A01, FLIR070924BD170A02, FLIR070924BD170A03",31.9,
070924,BD,167,A,"FLIR070924BD167A01, FLIR070924BD167A02",32.3,
070924,BD,161,A,"FLIR070924BD161A01, FLIR070924BD161A02, FLIR070924BD161A03",30.6,
071024,BD,205,M,"FLIR071024BD205M01, FLIR071024BD205M02, FLIR071024BD205M03",29.8,
071024,BD,BPB,M,"FLIR071024BDBPBM01, FLIR071024BDBPBM02",29.8,
071024,BD,KR,M,"FLIR071024BDKRM01, FLIR071024BDKRM02, FLIR071024BDKRM03",30.5,
071024,BD,FR,M,"FLIR071024BDFRM01, FLIR071024BDFRM02",32.3,
071024,BD,182,M,"FLIR071024BD182M01, FLIR071024BD182M02",31.2,
071024,BD,TA,M,"FLIR071024BDTAM01, FLIR071024BDTAM02, FLIR071024BDTAM03",31.1,
071024,BD,174,M,"FLIR071024BD174M01, FLIR071024BD174M02",31.8,
071024,BD,170,M,"FLIR071024BD170M01, FLIR071024BD170M02",31.8,
071024,BD,167,M,"FLIR071024BD167M01, FLIR071024BD167M02",29.4,
071024,BD,161,M,"FLIR071024BD161M01, FLIR071024BD161M02",30.1,
071024,BD,205,M,"FLIR071024BD205M01, FLIR071024BD205M02, FLIR071024BD205M03, FLIR071024BD205M04",30.3,
071024,BD,BPB,M,"FLIR071024BDBPBM01, FLIR071024BDBPBM02",31.1,
071024,BD,KR,A,"FLIR071024BDKRA01, FLIR071024BDKRA02",32.4,
071024,BD,FR,A,"FLIR071024BDFRA01, FLIR071024BDFRA02",31.8,
071024,BD,182,A,"FLIR071024BD182A01, FLIR071024BD182A02",31.2,
071024,BD,TA,A,"FLIR071024BDTAA01, FLIR071024BDTAA02",31.0,
071024,BD,174,A,"FLIR071024BD174A01, FLIR071024BD174A02",31.6,
071024,BD,179,A,"FLIR071024BD179A01, FLIR071024BD179A02, FLIR071024BD179A03",31.3,
071024,BD,167,A,"FLIR071024BD167A01, FLIR071024BD167A02, FLIR071024BD167A03",32.3,
071024,BD,161,A,"FLIR071024BD161A01, FLIR071024BD161A02, FLIR071024BD161A03, FLIR071024BD161A04",30.6,
071524,BD,205,M,"FLIR071524BD205M01, FLIR071524BD205M02, FLIR071524BD205M03",29.6,
071524,BD,BPB,M,"FLIR071524BDBPBM01, FLIR071524BDBPBM02, FLIR071524BDBPBM03",30.6,
071524,BD,KR,M,"FLIR071524BDKRM01, FLIR071524BDKRM02",31.3,
071524,BD,FR,M,"FLIR071524BDFRM01, FLIR071524BDFRM02",31.3,
071524,BD,182,M,"FLIR071524BD182M01, FLIR071524BD182M02",31.3,
071524,BD,TA,M,"FLIR071524BDTAM01, FLIR071524BDTAM02",31.8,
071524,BD,174,M,"FLIR071524BD174M01, FLIR071524BD174M02, FLIR071524BD174M03",30.9,
071524,BD,170,M,"FLIR071524BD170M01, FLIR071524BD170M02",30.2,
071524,BD,167,M,"FLIR071524BD167M01, FLIR071524BD167M02",30.9,
071524,BD,161,M,"FLIR071524BD161M01, FLIR071524BD161M02",30.1,
071524,BD,205,A,"FLIR071524BD205A01, FLIR071524BD205A02, FLIR071524BD205A03",31.4,
071524,BD,BPB,A,"FLIR071524BDBPBA01, FLIR071524BDBPBA02, FLIR071524BDBPBA03",31.4,
071524,BD,KR,A,"FLIR071524BDKRA01, FLIR071524BDKRA02",31.2,
071524,BD,FR,A,"FLIR071524BDFRA01, FLIR071524BDFRA02, FLIR071524BDFRA03",32.3,
071524,BD,182,A,"FLIR071524BD182A01, FLIR071524BD182A02",31.1,
071524,BD,TA,A,"FLIR071524BDTAA01, FLIR071524BDTAA02, FLIR071524BDTAA03",30.9,
071524,BD,174,A,"FLIR071524BD174A01, FLIR071524BD174A02",31.1,
071524,BD,170,A,"FLIR071524BD170A01, FLIR071524BD170A02",31.3,
071524,BD,167,A,"FLIR071524BD167A01, FLIR071524BD167A02",30.1,
071524,BD,161,A,"FLIR071524BD161A01, FLIR071524BD161A02, FLIR071524BD161A03",31.6,
071624,BD,205,M,"FLIR071624BD205M01, FLIR071624BD205M02",31.6,
071624,BD,BPB,M,"FLIR071624BDBPBM01, FLIR071624BDBPBM02",32.3,
071624,BD,KR,M,"FLIR071624BDKRM01, FLIR071624BDKRM02, FLIR071624BDKRM03",32.2,
071624,BD,FR,M,FLIR071624BDFRM01,32.9,
071624,BD,182,M,"FLIR071624BD182M01, FLIR071624BD182M02, FLIR071624BD182M03",33.5,
071624,BD,TA,M,"FLIR071624BDTAM01, FLIR071624BDTAM02, FLIR071624BDTAM03",32.6,
071624,BD,174,M,"FLIR071624BD174M01, FLIR071624BD174M02",32.5,
071624,BD,170,M,"FLIR071624BD170M01, FLIR071624BD170M02",32.3,
071624,BD,167,M,"FLIR071624BD167M01, FLIR071624BD167M02, FLIR071624BD167M03",32.5,
071624,BD,161,M,"FLIR071624BD161M01, FLIR071624BD161M02, FLIR071624BD161M03, FLIR071624BD161M04, FLIR071624BD161M05",33.5,
072524,BD,205,M,"FLIR072524BD205M01, FLIR072524BD205M02",27.0,
072524,BD,BPB,M,"FLIR072524BDBPBM01, FLIR072524BDBPBM02",30.2,
072524,BD,KR,M,"FLIR072524BDKRM01, FLIR072524BDKRM02",28.4,
072524,BD,182,M,"FLIR072524BD182M01, FLIR072524BD182M02",29.2,
072524,BD,TA,M,"FLIR072524BDTAM01, FLIR072524BDTAM02",28.8,
072524,BD,174,M,"FLIR072524BD174M01, FLIR072524BD174M02",27.4,
072524,BD,170,M,"FLIR072524BD170M01, FLIR072524BD170M02",29.2,
072524,BD,167,M,"FLIR072524BD167M01, FLIR072524BD167M02",29.4,
072524,BD,161,M,"FLIR072524BD161M01, FLIR072524BD161M02",30.4,
073024,BD,205,M,"FLIR073024BD205M01, FLIR073024BD205M02, FLIR073024BD205M03",28.0,
073024,BD,BPB,M,"FLIR073024BDBPBM01, FLIR073024BDBPBM02, FLIR073024BDBPBM03",27.3,
073024,BD,KR,M,"FLIR073024BDKRM01, FLIR073024BDKRM02, FLIR073024BDKRM03",28.4,
073024,BD,FR,M,"FLIR073024BDFRM01, FLIR073024BDFRM02, FLIR073024BDFRM03",26.6,
073024,BD,182,M,"FLIR073024BD182M01, FLIR073024BD182M02, FLIR073024BD182M03, FLIR073024BD182M04, FLIR073024BD182M05, FLIR073024BD182M06",27.1,
073024,BD,TA,M,"FLIR073024BDTAM01, FLIR073024BDTAM02, FLIR073024BDTAM03, FLIR073024BDTAM04, FLIR073024BDTAM05",27.0,
073024,BD,174,M,"FLIR073024BD174M01, FLIR073024BD174M02, FLIR073024BD174M03, FLIR073024BD174M04",29.1,
073024,BD,170,M,"FLIR073024BD170M01, FLIR073024BD170M02, FLIR073024BD170M03, FLIR073024BD170M04",29.1,
073024,BD,167,M,"FLIR073024BD167M01, FLIR073024BD167M02, FLIR073024BD167M03, FLIR073024BD167M04",30.2,
073024,BD,161,M,"FLIR073024BD161M01, FLIR073024BD161M02, FLIR073024BD161M03, FLIR073024BD161M04",30.5,
073024,BD,205,A,"FLIR073024BD205A01, FLIR073024BD205A02, FLIR073024BD205A03",30.5,
073024,BD,BPB,A,"FLIR073024BDBPBA01, FLIR073024BDBPBA02, FLIR073024BDBPBA03, FLIR073024BDBPBA04",30.4,
073024,BD,KR,A,"FLIR073024BDKRA01, FLIR073024BDKRA02, FLIR073024BDKRA03, FLIR073024BDKRA04",30.3,
073024,BD,FR,A,"FLIR073024BDFRA01, FLIR073024BDFRA02, FLIR073024BDFRA03",30.4,
073024,BD,182,A,"FLIR073024BD182A01, FLIR073024BD182A02, FLIR073024BD182A03, FLIR073024BD182A04",30.4,
073024,BD,TA,A,"FLIR073024BDTAA01, FLIR073024BDTAA02, FLIR073024BDTAA03, FLIR073024BDTAA04",29.8,
073024,BD,174,A,"FLIR073024BD174A01, FLIR073024BD174A02, FLIR073024BD174A03",30.9,
073024,BD,170,A,"FLIR073024BD170A01, FLIR073024BD170A02, FLIR073024BD170A03",30.7,
073024,BD,167,A,"FLIR073024BD167A01, FLIR073024BD167A02, FLIR073024BD167A03",30.8,
073024,BD,161,A,"FLIR073024BD161A01, FLIR073024BD161A02, FLIR073024BD161A03, FLIR073024BD161A04",31.6,
070824,BD,205,M,"FLIR070824BD205M01, FLIR070824BD205M02, FLIR070824BD205M03",29.8,
070824,BD,BPB,M,"FLIR070824BDBPBM01, FLIR070824BDBPBM02, FLIR070824BDBPBM03",30.3,
070824,BD,KR,M,"FLIR070824BDKRM01, FLIR070824BDKRM02, FLIR070824BDKRM03",29.7,
070824,BD,FR,M,"FLIR070824BDFRM01, FLIR070824BDFRM02",30.7,
070824,BD,182,M,"FLIR070824BD182M01, FLIR070824BD182M02, FLIR070824BD182M03, FLIR070824BD182M04",32.2,
070824,BD,TA,M,"FLIR070824BDTAM01, FLIR070824BDTAM02, FLIR070824BDTAM03",29.9,
070824,BD,174,M,"FLIR070824BD174M01, FLIR070824BD174M02",31.2,
070824,BD,170,M,"FLIR070824BD170M01, FLIR070824BD170M02",30.1,
070824,BD,167,M,"FLIR070824BD167M01, FLIR070824BD167M02, FLIR070824BD167M03",31.8,
070824,BD,161,M,"FLIR070824BD161M01, FLIR070824BD161M02, FLIR070824BD161M03, FLIR070824BD161M04, FLIR070824BD161M05",31.0,
070824,BD,205,A,"FLIR070824BD205A01, FLIR070824BD205A02, FLIR070824BD205A03",32.1,
070824,BD,BPB,A,"FLIR070824BDBPBA01, FLIR070824BDBPBA02, FLIR070824BDBPBA03, FLIR070824BDBPBA04, FLIR070824BDBPBA05",32.6,
070824,BD,KR,A,"FLIR070824BDKRA01, FLIR070824BDKRA02, FLIR070824BDKRA03, FLIR070824BDKRA04",31.8,
070824,BD,FR,A,"FLIR070824BDFRA01, FLIR070824BDFRA02, FLIR070824BDFRA03",31.9,
070824,BD,182,A,"FLIR070824BD182A01, FLIR070824BD182A02, FLIR070824BD182A03",32.0,
070824,BD,TA,A,"FLIR070824BDTAA01, FLIR070824BDTAA02, FLIR070824BDTAA03, FLIR070824BDTAA04",33.7,
070824,BD,174,A,"FLIR070824BD174A01, FLIR070824BD174A02, FLIR070824BD174A03",32.2,
070824,BD,170,A,"FLIR070824BD170A01, FLIR070824BD170A02, FLIR070824BD170A03, FLIR070824BD170A04",32.2,
070824,BD,167,A,"FLIR070824BD167A01, FLIR070824BD167A02, FLIR070824BD167A03, FLIR070824BD167A04, FLIR070824BD167A05",32.3,
070824,BD,161,A,"FLIR070824BD161A01, FLIR070824BD161A02, FLIR070824BD161A03, FLIR070824BD161A04",33.4,
072224,BD,205,M,"FLIR072224BD205M01, FLIR072224BD205M02, FLIR072224BD205M03, FLIR072224BD205M04",28.1,
072224,BD,BPB,M,"FLIR072224BDBPBM01, FLIR072224BDBPBM02, FLIR072224BDBPBM03",29.9,
072224,BD,KR,M,"FLIR072224BDKRM01, FLIR072224BDKRM02, FLIR072224BDKRM03",28.3,
072224,BD,FR,M,"FLIR072224BDFRM01, FLIR072224BDFRM02, FLIR072224BDFRM03",30.7,
072224,BD,182,M,"FLIR072224BD182M01, FLIR072224BD182M02, FLIR072224BD182M03",29.6,
072224,BD,TA,M,"FLIR072224BDTAM01, FLIR072224BDTAM02, FLIR072224BDTAM03",29.2,
072224,BD,174,M,"FLIR072224BD174M01, FLIR072224BD174M02, FLIR072224BD174M03",31.8,
072224,BD,170,M,"FLIR072224BD170M01, FLIR072224BD170M02, FLIR072224BD170M03",31.3,
072224,BD,167,A,"FLIR072224BD167A01, FLIR072224BD167A02, FLIR072224BD167A03",30.7,
072224,BD,161,A,"FLIR072224BD161A01, FLIR072224BD161A02, FLIR072224BD161A03",30.3,
072224,BD,205,A,"FLIR072224BD205A01, FLIR072224BD205A02, FLIR072224BD205A03",29.3,
072224,BD,BPB,A,"FLIR072224BDBPBA01, FLIR072224BDBPBA02, FLIR072224BDBPBA03",30.5,
072224,BD,KR,A,"FLIR072224BDKRA01, FLIR072224BDKRA02, FLIR072224BDKRA03, FLIR072224BDKRA04",29.8,
072224,BD,FR,A,"FLIR072224BDFRA01, FLIR072224BDFRA02",30.3,
072224,BD,182,A,"FLIR072224BD182A01, FLIR072224BD182A02",31.2,
072224,BD,TA,A,"FLIR072224BDTAA01, FLIR072224BDTAA02, FLIR072224BDTAA03",29.9,
072224,BD,174,A,"FLIR072224BD174A01, FLIR072224BD174A02, FLIR072224BD174A03",30.2,
072224,BD,170,A,"FLIR072224BD170A01, FLIR072224BD170A02, FLIR072224BD170A03",30.3,
072224,BD,167,A,"FLIR072224BD167A01, FLIR072224BD167A02, FLIR072224BD167A03, FLIR072224BD167A04",28.6,
072224,BD,161,A,"FLIR072224BD161A01, FLIR072224BD161A02, FLIR072224BD161A03",30.5,
073124,BD,205,M,"FLIR073124BD205M01, FLIR073124BD205M02, FLIR073124BD205M03, FLIR073124BD205M04",28.1,
073124,BD,BPB,M,"FLIR073124BDBPBM01, FLIR073124BDBPBM02, FLIR073124BDBPBM03",28.7,
073124,BD,KR,M,"FLIR073124BDKRM01, FLIR073124BDKRM02, FLIR073124BDKRM03",28.3,
073124,BD,FR,M,"FLIR073124BDFRM01, FLIR073124BDFRM02, FLIR073124BDFRM03",30.7,
073124,BD,182,M,"FLIR073124BD182M01, FLIR073124BD182M02, FLIR073124BD182M03, FLIR073124BD182M04",29.6,
073124,BD,TA,M,"FLIR073124BDTAM01, FLIR073124BDTAM02, FLIR073124BDTAM03, FLIR073124BDTAM04",29.2,
073124,BD,174,M,"FLIR073124BD174M01, FLIR073124BD174M02, FLIR073124BD174M03",31.2,
073124,BD,170,M,"FLIR073124BD170M01, FLIR073124BD170M02, FLIR073124BD170M03, FLIR073124BD170M04",30.1,
073124,BD,167,M,"FLIR073124BD167M01, FLIR073124BD167M02, FLIR073124BD167M03, FLIR073124BD167M04, FLIR073124BD167M05",30.7,
073124,BD,161,M,"FLIR073124BD161M01, FLIR073124BD161M02, FLIR073124BD161M03, FLIR073124BD161M04",30.3,
073124,BD,205,M,"FLIR073124BD205M01, FLIR073124BD205M02, FLIR073124BD205M03",29.3,
073124,BD,BPB,M,"FLIR073124BDBPBM01, FLIR073124BDBPBM02, FLIR073124BDBPBM03",30.5,
073124,BD,KR,M,"FLIR073124BDKRM01, FLIR073124BDKRM02, FLIR073124BDKRM03",29.8,
073124,BD,FR,M,"FLIR073124BDFRM01, FLIR073124BDFRM02",30.3,
073124,BD,182,M,"FLIR073124BD182M01, FLIR073124BD182M02, FLIR073124BD182M03",31.2,
073124,BD,TA,M,"FLIR073124BDTAM01, FLIR073124BDTAM02, FLIR073124BDTAM03, FLIR073124BDTAM04",29.9,
073124,BD,174,A,"FLIR073124BD174A01, FLIR073124BD174A02, FLIR073124BD174A03",30.2,
073124,BD,170,A,"FLIR073124BD170A01, FLIR073124BD170A02, FLIR073124BD170A03, FLIR073124BD170A04, FLIR073124BD170A05",30.3,
073124,BD,167,A,"FLIR073124BD167A01, FLIR073124BD167A02, FLIR073124BD167A03",28.6,
073124,BD,161,A,"FLIR073124BD161A01, FLIR073124BD161A02",30.5,
080124,BD,205,M,"FLIR080124BD205M01, FLIR080124BD205M02, FLIR080124BD205M03, FLIR080124BD205M04",29.8,
080124,BD,BPB,M,"FLIR080124BDBPBM01, FLIR080124BDBPBM02, FLIR080124BDBPBM03, FLIR080124BDBPBM04",29.7,
080124,BD,KR,M,"FLIR080124BDKRM01, FLIR080124BDKRM02, FLIR080124BDKRM03, FLIR080124BDKRM04",29.7,
080124,BD,FR,M,"FLIR080124BDFRM01, FLIR080124BDFRM02",30.8,
080124,BD,182,M,"FLIR080124BD182M01, FLIR080124BD182M02, FLIR080124BD182M03, FLIR080124BD182M04, FLIR080124BD182M05",32.2,
080124,BD,TA,M,"FLIR080124BDTAM01, FLIR080124BDTAM02, FLIR080124BDTAM03, FLIR080124BDTAM04",29.9,
080124,BD,174,M,"FLIR080124BD174M01, FLIR080124BD174M02, FLIR080124BD174M03, FLIR080124BD174M04, FLIR080124BD174M05",31.8,
080124,BD,170,M,"FLIR080124BD170M01, FLIR080124BD170M02, FLIR080124BD170M03",31.3,
080124,BD,167,M,"FLIR080124BD167M01, FLIR080124BD167M02, FLIR080124BD167M03",30.9,
080124,BD,161,M,"FLIR080124BD161M01, FLIR080124BD161M02, FLIR080124BD161M03, FLIR080124BD161M04",30.3,
080124,BD,205,M,"FLIR080124BD205M01, FLIR080124BD205M02, FLIR080124BD205M03, FLIR080124BD205M04",31.1,
080124,BD,BPB,M,"FLIR080124BDBPBM01, FLIR080124BDBPBM02, FLIR080124BDBPBM03, FLIR080124BDBPBM04",32.1,
080124,BD,KR,M,"FLIR080124BDKRM01, FLIR080124BDKRM02, FLIR080124BDKRM03, FLIR080124BDKRM04",31.5,
080124,BD,FR,M,"FLIR080124BDFRM03, FLIR080124BDFRM04",31.9,
080124,BD,182,M,"FLIR080124BD182M01, FLIR080124BD182M02, FLIR080124BD182M03",31.2,
080124,BD,TA,M,"FLIR080124BDTAM05, FLIR080124BDTAM06, FLIR080124BDTAM07, FLIR080124BDTAM08, FLIR080124BDTAM09",29.9,
080124,BD,174,A,"FLIR080124BD174A01, FLIR080124BD174A02, FLIR080124BD174A03, FLIR080124BD174A04, FLIR080124BD174A05, FLIR080124BD174A06",30.2,
080124,BD,170,A,"FLIR080124BD170A01, FLIR080124BD170A02, FLIR080124BD170A03",31.1,
080124,BD,167,A,FLIR080124BD167A01,32.1,
080224,BD,191,A,"FLIR080224BD191A01, FLIR080224BD191A02, FLIR080224BD191A03, FLIR080224BD191A04, FLIR080224BD191A05, FLIR080224BD191A06",32.3,
073124,NQ,96,M,"FLIR073124NQ96M01, FLIR073124NQ96M02, FLIR073124NQ96M03",30.0,
073124,NQ,86,M,"FLIR073124NQ86M01, FLIR073124NQ86M02, FLIR073124NQ86M03",30.9,
073124,NQ,72,M,"FLIR073124NQ72M01, FLIR073124NQ72M02, FLIR073124NQ72M03",30.1,
070224,DNR,AA,A,FLIR070224DNRAAA01,30.0,
070224,DNR,36,A,FLIR070224DNR36A01,31.4,
070224,DNR,AA,A,FLIR070224DNRAAA01,32.7,
070324,DNR,36,M,"FLIR070324DNR36M01, FLIR070324DNR36M02",29.1,
070324,DNR,AA,M,"FLIR070324DNRAAM01, FLIR070324DNRAAM02",29.4,
070324,DNR,36,A,"FLIR070324DNR36A01, FLIR070324DNR36A02",30.6,
070324,DNR,AA,A,"FLIR070324DNRAAA01, FLIR070324DNRAAA02",30.1,
070824,DNR,36,M,"FLIR070824DNR36M01, FLIR070824DNR36M02, FLIR070824DNR36M03, FLIR070824DNR36M04",32.3,
070824,DNR,AA,A,"FLIR070824DNRAAA01, FLIR070824DNRAAA02, FLIR070824DNRAAA03",33.3,
070824,DNR,AA,M,"FLIR070824DNRAAM01, FLIR070824DNRAAM02, FLIR070824DNRAAM03, FLIR070824DNRAAM04, FLIR070824DNRAAM05",33.9,
070924,DNR,36,M,"FLIR070924DNR36M01, FLIR070924DNR36M02, FLIR070924DNR36M03",33.1,
070924,DNR,AA,A,"FLIR070924DNRAAA01, FLIR070924DNRAAA02, FLIR070924DNRAAA03, FLIR070924DNRAAA04",30.0,
070924,DNR,36,A,"FLIR070924DNR36A01, FLIR070924DNR36A02, FLIR070924DNR36A03",32.2,
070924,DNR,AA,A,"FLIR070924DNRAAA01, FLIR070924DNRAAA02, FLIR070924DNRAAA03, FLIR070924DNRAAA04, FLIR070924DNRAAA05",31.9,
071024,DNR,36,M,"FLIR071024DNR36M01, FLIR071024DNR36M02, FLIR071024DNR36M03",33.5,
071024,DNR,AA,A,"FLIR071024DNRAAA01, FLIR071024DNRAAA02, FLIR071024DNRAAA03",31.8,
071024,DNR,36,A,"FLIR071024DNR36A01, FLIR071024DNR36A02, FLIR071024DNR36A03",34.2,
071024,DNR,AA,A,"FLIR071024DNRAAA01, FLIR071024DNRAAA02, FLIR071024DNRAAA03",32.5,
071124,DNR,36,M,"FLIR071124DNR36M01, FLIR071124DNR36M02, FLIR071124DNR36M03",30.2,
071124,DNR,AA,A,"FLIR071124DNRAAA01, FLIR071124DNRAAA02, FLIR071124DNRAAA03, FLIR071124DNRAAA04, FLIR071124DNRAAA05",30.8,
071524,DNR,36,M,"FLIR071524DNR36M01, FLIR071524DNR36M02, FLIR071524DNR36M03",32.8,
071524,DNR,AA,A,"FLIR071524DNRAAA01, FLIR071524DNRAAA02",31.0,
071524,DNR,36,A,"FLIR071524DNR36A01, FLIR071524DNR36A02, FLIR071524DNR36A03",34.7,
071524,DNR,AA,A,"FLIR071524DNRAAA01, FLIR071524DNRAAA02, FLIR071524DNRAAA03, FLIR071524DNRAAA04",33.2,
071624,DNR,36,M,"FLIR071624DNR36M01, FLIR071624DNR36M02, FLIR071624DNR36M03",34.2,
071624,DNR,AA,M,"FLIR071624DNRAAM01, FLIR071624DNRAAM02, FLIR071624DNRAAM03",33.9,
071624,DNR,36,A,"FLIR071624DNR36A01, FLIR071624DNR36A02",36.2,
071624,DNR,AA,A,"FLIR071624DNRAAA01, FLIR071624DNRAAA02, FLIR071624DNRAAA03",34.6,
071824,DNR,36,M,"FLIR071824DNR36M01, FLIR071824DNR36M02, FLIR071824DNR36M03",29.5,
071824,DNR,AA,A,"FLIR071824DNRAAA01, FLIR071824DNRAAA02, FLIR071824DNRAAA03",31.4,
072224,DNR,36,M,"FLIR072224DNR36M01, FLIR072224DNR36M02",32.7,
072224,DNR,AA,A,"FLIR072224DNRAAA01, FLIR072224DNRAAA02, FLIR072224DNRAAA03",31.4,
072224,DNR,36,A,"FLIR072224DNR36A01, FLIR072224DNR36A02, FLIR072224DNR36A03",30.6,
072224,DNR,AA,A,"FLIR072224DNRAAA01, FLIR072224DNRAAA02, FLIR072224DNRAAA03, FLIR072224DNRAAA04",32.6,
072424,DNR,36,M,"FLIR072424DNR36M01, FLIR072424DNR36M02",30.3,
072424,DNR,AA,A,"FLIR072424DNRAAA01, FLIR072424DNRAAA02",31.6,
072424,DNR,36,A,"FLIR072424DNR36A01, FLIR072424DNR36A02",30.8,
072424,DNR,AA,A,"FLIR072424DNRAAA01, FLIR072424DNRAAA02, FLIR072424DNRAAA03",31.6,
072524,DNR,36,M,"FLIR072524DNR36M01, FLIR072524DNR36M02",29.6,
072524,DNR,AA,A,"FLIR072524DNRAAA01, FLIR072524DNRAAA02",30.9,
072524,DNR,36,A,"FLIR072524DNR36A01, FLIR072524DNR36A02",31.5,
072524,DNR,AA,A,"FLIR072524DNRAAA01, FLIR072524DNRAAA02, FLIR072524DNRAAA03",31.3,
072924,DNR,36,A,"FLIR072924DNR36A01, FLIR072924DNR36A02, FLIR072924DNR36A03",31.1,
072924,DNR,AA,A,"FLIR072924DNRAAA01, FLIR072924DNRAAA02, FLIR072924DNRAAA03",30.5,
073024,DNR,36,M,"FLIR073024DNR36M01, FLIR073024DNR36M02, FLIR073024DNR36M03",31.5,
073024,DNR,AA,M,"FLIR073024DNRAAM01, FLIR073024DNRAAM02",31.8,
073024,DNR,36,A,"FLIR073024DNR36A01, FLIR073024DNR36A02, FLIR073024DNR36A03",33.1,
073024,DNR,AA,A,FLIR073024DNRAAA01,32.1,
080124,DNR,36,M,"FLIR080124DNR36M01, FLIR080124DNR36M02, FLIR080124DNR36M03",32.8,
080124,DNR,AA,M,"FLIR080124DNRAAM01, FLIR080124DNRAAM02, FLIR080124DNRAAM03",32.9,
080124,DNR,AA,A,"FLIR080124DNRAAA01, FLIR080124DNRAAA02, FLIR080124DNRAAA03",35.3,
070224,EFMR,JC,A,"FLIR070224EFMRJCA01, FLIR070224EFMRJCA02, FLIR070224EFMRJCA03, FLIR070224EFMRJCA04",29.2,
070224,EFMR,23,A,"FLIR070224EFMR23A01, FLIR070224EFMR23A02, FLIR070224EFMR23A03, FLIR070224EFMR23A04",30.0,
070224,EFMR,JC,A,"FLIR070224EFMRJCA01, FLIR070224EFMRJCA02, FLIR070224EFMRJCA03",30.0,
070224,EFMR,23,A,"FLIR070224EFMR23A01, FLIR070224EFMR23A02, FLIR070224EFMR23A03, FLIR070224EFMR23A04",30.0,
070324,EFMR,JC,M,"FLIR070324EFMRJCM01, FLIR070324EFMRJCM02, FLIR070324EFMRJCM03, FLIR070324EFMRJCM04",25.0,
070324,EFMR,VW,M,"FLIR070324EFMRVWM01, FLIR070324EFMRVWM02",28.7,
070324,EFMR,KG,M,"FLIR070324EFMRKGM01, FLIR070324EFMRKGM02",28.2,
070324,EFMR,71,M,"FLIR070324EFMR71M01, FLIR070324EFMR71M02",29.4,
070324,EFMR,JH,M,"FLIR070324EFMRJHM01, FLIR070324EFMRJHM02",30.2,
070324,EFMR,QP,M,"FLIR070324EFMRQPM01, FLIR070324EFMRQPM02, FLIR070324EFMRQPM03",31.8,
070324,EFMR,23,M,"FLIR070324EFMR23M01, FLIR070324EFMR23M02",31.5,
070324,EFMR,JC,A,"FLIR070324EFMRJCA01, FLIR070324EFMRJCA02, FLIR070324EFMRJCA03, FLIR070324EFMRJCA04, FLIR070324EFMRJCA05, FLIR070324EFMRJCA06",29.4,
070324,EFMR,JFK,A,"FLIR070324EFMRJFKA01, FLIR070324EFMRJFKA02",28.9,
070324,EFMR,VW,A,"FLIR070324EFMRVWA01, FLIR070324EFMRVWA02",29.8,
070324,EFMR,KG,A,"FLIR070324EFMRKGA01, FLIR070324EFMRKGA02, FLIR070324EFMRKGA03",30.3,
070324,EFMR,71,A,"FLIR070324EFMR71A01, FLIR070324EFMR71A02",28.3,
070324,EFMR,JH,A,"FLIR070324EFMRJHA01, FLIR070324EFMRJHA02, FLIR070324EFMRJHA03",29.1,
070324,EFMR,QP,A,"FLIR070324EFMRQPA01, FLIR070324EFMRQPA02, FLIR070324EFMRQPA03",31.4,
070324,EFMR,23,A,"FLIR070324EFMR23A01, FLIR070324EFMR23A02, FLIR070324EFMR23A03, FLIR070324EFMR23A04",30.3,
070924,EFMR,JC,M,"FLIR070924EFMRJCM01, FLIR070924EFMRJCM02, FLIR070924EFMRJCM03, FLIR070924EFMRJCM04",30.8,34.6
070924,EFMR,JFK,M,"FLIR070924EFMRJFKM01, FLIR070924EFMRJFKM02, FLIR070924EFMRJFKM03, FLIR070924EFMRJFKM04, FLIR070924EFMRJFKM05",32.8,32.9
070924,EFMR,VW,M,"FLIR070924EFMRVWM01, FLIR070924EFMRVWM02, FLIR070924EFMRVWM03, FLIR070924EFMRVWM04, FLIR070924EFMRVWM05, FLIR070924EFMRVWM06",30.4,31.5
070924,EFMR,KG,M,"FLIR070924EFMRKGM01, FLIR070924EFMRKGM02, FLIR070924EFMRKGM03, FLIR070924EFMRKGM04, FLIR070924EFMRKGM05, FLIR070924EFMRKGM06",32.6,
070924,EFMR,71,M,"FLIR070924EFMR71M01, FLIR070924EFMR71M02, FLIR070924EFMR71M03, FLIR070924EFMR71M04",33.2,
070924,EFMR,JH,M,"FLIR070924EFMRJHM01, FLIR070924EFMRJHM02, FLIR070924EFMRJHM03, FLIR070924EFMRJHM04",31.6,32.4
070924,EFMR,QP,M,"FLIR070924EFMRQPM01, FLIR070924EFMRQPM02, FLIR070924EFMRQPM03, FLIR070924EFMRQPM04",33.3,
070924,EFMR,23,A,"FLIR070924EFMR23A01, FLIR070924EFMR23A02, FLIR070924EFMR23A03, FLIR070924EFMR23A04, FLIR070924EFMR23A05",32.4,
070924,EFMR,JC,A,"FLIR070924EFMRJCA01, FLIR070924EFMRJCA02, FLIR070924EFMRJCA03, FLIR070924EFMRJCA04",34.2,35.6
070924,EFMR,JFK,A,"FLIR070924EFMRJFKA01, FLIR070924EFMRJFKA02, FLIR070924EFMRJFKA03, FLIR070924EFMRJFKA04",31.5,32.8
070924,EFMR,VW,A,"FLIR070924EFMRVWA01, FLIR070924EFMRVWA02, FLIR070924EFMRVWA03",30.7,31.7
070924,EFMR,KG,A,"FLIR070924EFMRKGA01, FLIR070924EFMRKGA02, FLIR070924EFMRKGA03, FLIR070924EFMRKGA04, FLIR070924EFMRKGA05",31.2,33.1
070924,EFMR,71,A,"FLIR070924EFMR71A01, FLIR070924EFMR71A02, FLIR070924EFMR71A03, FLIR070924EFMR71A04",32.4,33.8
070924,EFMR,JH,A,"FLIR070924EFMRJHA01, FLIR070924EFMRJHA02, FLIR070924EFMRJHA03, FLIR070924EFMRJHA04, FLIR070924EFMRJHA05, FLIR070924EFMRJHA06",31.2,
070924,EFMR,QP,A,"FLIR070924EFMRQPA01, FLIR070924EFMRQPA02, FLIR070924EFMRQPA03, FLIR070924EFMRQPA04",31.7,
070924,EFMR,23,A,"FLIR070924EFMR23A01, FLIR070924EFMR23A02, FLIR070924EFMR23A03",32.9,
071024,EFMR,JC,M,"FLIR071024EFMRJCM01, FLIR071024EFMRJCM02, FLIR071024EFMRJCM03, FLIR071024EFMRJCM04",26.7,35.8
071024,EFMR,JFK,M,"FLIR071024EFMRJFKM01, FLIR071024EFMRJFKM02, FLIR071024EFMRJFKM03, FLIR071024EFMRJFKM04",31.7,31.6
071024,EFMR,VW,M,"FLIR071024EFMRVWM01, FLIR071024EFMRVWM02, FLIR071024EFMRVWM03, FLIR071024EFMRVWM04",29.6,30.7
071024,EFMR,KG,M,"FLIR071024EFMRKGM01, FLIR071024EFMRKGM02, FLIR071024EFMRKGM03, FLIR071024EFMRKGM04",32.1,31.7
071024,EFMR,71,M,"FLIR071024EFMR71M01, FLIR071024EFMR71M02, FLIR071024EFMR71M03, FLIR071024EFMR71M04, FLIR071024EFMR71M05",29.3,35.7
071024,EFMR,JH,M,"FLIR071024EFMRJHM01, FLIR071024EFMRJHM02, FLIR071024EFMRJHM03, FLIR071024EFMRJHM04",31.1,32.6
071024,EFMR,QP,M,"FLIR071024EFMRQPM01, FLIR071024EFMRQPM02, FLIR071024EFMRQPM03",31.1,
071024,EFMR,23,M,"FLIR071024EFMR23M01, FLIR071024EFMR23M02, FLIR071024EFMR23M03",32.0,
071024,EFMR,JC,A,"FLIR071024EFMRJCA01, FLIR071024EFMRJCA02, FLIR071024EFMRJCA03, FLIR071024EFMRJCA04, FLIR071024EFMRJCA05",35.0,35.1
071024,EFMR,JFK,A,"FLIR071024EFMRJFKA01, FLIR071024EFMRJFKA02, FLIR071024EFMRJFKA03, FLIR071024EFMRJFKA04",32.7,32.7
071024,EFMR,VW,A,"FLIR071024EFMRVWA01, FLIR071024EFMRVWA02, FLIR071024EFMRVWA03, FLIR071024EFMRVWA04",31.8,32.1
071024,EFMR,KG,A,"FLIR071024EFMRKGA01, FLIR071024EFMRKGA02, FLIR071024EFMRKGA03, FLIR071024EFMRKGA04",31.1,
071024,EFMR,71,A,"FLIR071024EFMR71A01, FLIR071024EFMR71A02, FLIR071024EFMR71A03, FLIR071024EFMR71A04",32.7,
071024,EFMR,JH,A,"FLIR071024EFMRJHA01, FLIR071024EFMRJHA02, FLIR071024EFMRJHA03, FLIR071024EFMRJHA04",31.7,33.7
071024,EFMR,QP,A,"FLIR071024EFMRQPA01, FLIR071024EFMRQPA02, FLIR071024EFMRQPA03, FLIR071024EFMRQPA04",31.6,32.7
071024,EFMR,23,A,"FLIR071024EFMR23A01, FLIR071024EFMR23A02, FLIR071024EFMR23A03, FLIR071024EFMR23A04",32.8,
071524,EFMR,JC,M,"FLIR071524EFMRJCM01, FLIR071524EFMRJCM02, FLIR071524EFMRJCM03, FLIR071524EFMRJCM04",30.9,35.3
071524,EFMR,JFK,M,"FLIR071524EFMRJFKM01, FLIR071524EFMRJFKM02, FLIR071524EFMRJFKM03, FLIR071524EFMRJFKM04",30.1,33.1
071524,EFMR,VW,M,"FLIR071524EFMRVWM01, FLIR071524EFMRVWM02, FLIR071524EFMRVWM03, FLIR071524EFMRVWM04",29.4,31.6
071524,EFMR,KG,M,"FLIR071524EFMRKGM01, FLIR071524EFMRKGM02, FLIR071524EFMRKGM03, FLIR071524EFMRKGM04",32.1,32.8
071524,EFMR,71,M,"FLIR071524EFMR71M01, FLIR071524EFMR71M02, FLIR071524EFMR71M03, FLIR071524EFMR71M04",31.8,33.2
071524,EFMR,JH,M,"FLIR071524EFMRJHM01, FLIR071524EFMRJHM02, FLIR071524EFMRJHM03, FLIR071524EFMRJHM04",31.1,33.3
071524,EFMR,QP,M,"FLIR071524EFMRQPM01, FLIR071524EFMRQPM02, FLIR071524EFMRQPM03, FLIR071524EFMRQPM04",31.8,32.1
071524,EFMR,23,M,"FLIR071524EFMR23M01, FLIR071524EFMR23M02, FLIR071524EFMR23M03",30.4,
071524,EFMR,JC,A,"FLIR071524EFMRJCA01, FLIR071524EFMRJCA02, FLIR071524EFMRJCA03, FLIR071524EFMRJCA04",32.1,35.4
071524,EFMR,JFK,A,"FLIR071524EFMRJFKA01, FLIR071524EFMRJFKA02, FLIR071524EFMRJFKA03, FLIR071524EFMRJFKA04",31.6,32.2
071524,EFMR,VW,A,"FLIR071524EFMRVWA01, FLIR071524EFMRVWA02, FLIR071524EFMRVWA03, FLIR071524EFMRVWA04, FLIR071524EFMRVWA05, FLIR071524EFMRVWA06",32.3,32.8
071524,EFMR,KG,A,"FLIR071524EFMRKGA01, FLIR071524EFMRKGA02, FLIR071524EFMRKGA03, FLIR071524EFMRKGA04",32.2,31.7
071524,EFMR,71,A,"FLIR071524EFMR71A01, FLIR071524EFMR71A02, FLIR071524EFMR71A03, FLIR071524EFMR71A04",32.9,34.9
071524,EFMR,JH,A,"FLIR071524EFMRJHA01, FLIR071524EFMRJHA02, FLIR071524EFMRJHA03, FLIR071524EFMRJHA04",33.4,33.4
071524,EFMR,QP,A,"FLIR071524EFMRQPA01, FLIR071524EFMRQPA02, FLIR071524EFMRQPA03, FLIR071524EFMRQPA04",33.8,32.9
071524,EFMR,23,A,"FLIR071524EFMR23A01, FLIR071524EFMR23A02, FLIR071524EFMR23A03",32.9,
071724,EFMR,JC,M,"FLIR071724EFMRJCM01, FLIR071724EFMRJCM02, FLIR071724EFMRJCM03, FLIR071724EFMRJCM04, FLIR071724EFMRJCM05",28.7,30.3
071724,EFMR,JFK,M,"FLIR071724EFMRJFKM01, FLIR071724EFMRJFKM02, FLIR071724EFMRJFKM03, FLIR071724EFMRJFKM04",30.8,32.2
071724,EFMR,VW,M,"FLIR071724EFMRVWM01, FLIR071724EFMRVWM02, FLIR071724EFMRVWM03, FLIR071724EFMRVWM04, FLIR071724EFMRVWM05",30.3,30.8
071724,EFMR,KG,M,"FLIR071724EFMRKGM01, FLIR071724EFMRKGM02, FLIR071724EFMRKGM03",31.1,32.0
071724,EFMR,71,M,"FLIR071724EFMR71M01, FLIR071724EFMR71M02, FLIR071724EFMR71M03, FLIR071724EFMR71M04",33.2,33.6
071724,EFMR,JH,M,"FLIR071724EFMRJHM01, FLIR071724EFMRJHM02, FLIR071724EFMRJHM03, FLIR071724EFMRJHM04",31.9,33.1
071724,EFMR,QP,M,"FLIR071724EFMRQPM01, FLIR071724EFMRQPM02, FLIR071724EFMRQPM03",31.6,33.1
071724,EFMR,23,M,"FLIR071724EFMR23M01, FLIR071724EFMR23M02, FLIR071724EFMR23M03",31.8,
071724,EFMR,JC,A,"FLIR071724EFMRJCA01, FLIR071724EFMRJCA02, FLIR071724EFMRJCA03, FLIR071724EFMRJCA04, FLIR071724EFMRJCA05, FLIR071724EFMRJCA06",30.7,39.5
071724,EFMR,JFK,A,"FLIR071724EFMRJFKA01, FLIR071724EFMRJFKA02, FLIR071724EFMRJFKA03, FLIR071724EFMRJFKA04",31.8,33.4
071724,EFMR,VW,A,"FLIR071724EFMRVWA01, FLIR071724EFMRVWA02, FLIR071724EFMRVWA03",32.2,32.2
071724,EFMR,KG,A,"FLIR071724EFMRKGA01, FLIR071724EFMRKGA02, FLIR071724EFMRKGA03",31.3,31.9
071724,EFMR,71,A,"FLIR071724EFMR71A01, FLIR071724EFMR71A02, FLIR071724EFMR71A03",32.8,35.2
071724,EFMR,JH,A,"FLIR071724EFMRJHA01, FLIR071724EFMRJHA02",33.3,34.2
071724,EFMR,QP,A,"FLIR071724EFMRQPA01, FLIR071724EFMRQPA02, FLIR071724EFMRQPA03",31.7,32.6
071724,EFMR,23,A,"FLIR071724EFMR23A01, FLIR071724EFMR23A02, FLIR071724EFMR23A03",32.5,
071824,EFMR,JC,M,"FLIR071824EFMRJCM01, FLIR071824EFMRJCM02, FLIR071824EFMRJCM03, FLIR071824EFMRJCM04",26.1,33.6
071824,EFMR,JFK,M,"FLIR071824EFMRJFKM01, FLIR071824EFMRJFKM02, FLIR071824EFMRJFKM03, FLIR071824EFMRJFKM04",30.2,32.4
071824,EFMR,VW,M,"FLIR071824EFMRVWM01, FLIR071824EFMRVWM02, FLIR071824EFMRVWM03",28.9,30.3
071824,EFMR,KG,M,"FLIR071824EFMRKGM01, FLIR071824EFMRKGM02, FLIR071824EFMRKGM03, FLIR071824EFMRKGM04",30.2,32.1
071824,EFMR,71,M,"FLIR071824EFMR71M01, FLIR071824EFMR71M02, FLIR071824EFMR71M03",28.9,35.0
071824,EFMR,JH,M,"FLIR071824EFMRJHM01, FLIR071824EFMRJHM02, FLIR071824EFMRJHM03",29.9,33.5
071824,EFMR,QP,M,"FLIR071824EFMRQPM01, FLIR071824EFMRQPM02, FLIR071824EFMRQPM03",30.3,32.2
071824,EFMR,23,M,"FLIR071824EFMR23M01, FLIR071824EFMR23M02, FLIR071824EFMR23M03",31.4,
072424,EFMR,JC,M,"FLIR072424EFMRJCM01, FLIR072424EFMRJCM02, FLIR072424EFMRJCM03",28.9,33.4
072424,EFMR,JFK,M,"FLIR072424EFMRJFKM01, FLIR072424EFMRJFKM02, FLIR072424EFMRJFKM03, FLIR072424EFMRJFKM04",30.6,30.7
072424,EFMR,VW,M,"FLIR072424EFMRVWM01, FLIR072424EFMRVWM02, FLIR072424EFMRVWM03, FLIR072424EFMRVWM04",29.2,30.9
072424,EFMR,KG,M,"FLIR072424EFMRKGM01, FLIR072424EFMRKGM02, FLIR072424EFMRKGM03, FLIR072424EFMRKGM04",29.4,32.6
072424,EFMR,71,M,"FLIR072424EFMR71M01, FLIR072424EFMR71M02, FLIR072424EFMR71M03",29.6,34.7
072424,EFMR,JH,M,"FLIR072424EFMRJHM01, FLIR072424EFMRJHM02, FLIR072424EFMRJHM03",30.7,32.2
072424,EFMR,QP,M,"FLIR072424EFMRQPM01, FLIR072424EFMRQPM02, FLIR072424EFMRQPM03",28.3,30.4
072424,EFMR,23,M,"FLIR072424EFMR23M01, FLIR072424EFMR23M02",29.2,
072424,EFMR,JC,A,"FLIR072424EFMRJCA01, FLIR072424EFMRJCA02",30.7,34.0
072424,EFMR,JFK,A,"FLIR072424EFMRJFKA01, FLIR072424EFMRJFKA02, FLIR072424EFMRJFKA03",30.3,32.6
072424,EFMR,VW,A,"FLIR072424EFMRVWA01, FLIR072424EFMRVWA02, FLIR072424EFMRVWA03",31.5,31.6
072424,EFMR,KG,A,"FLIR072424EFMRKGA01, FLIR072424EFMRKGA02, FLIR072424EFMRKGA03",31.1,31.9
072424,EFMR,71,A,"FLIR072424EFMR71A01, FLIR072424EFMR71A02, FLIR072424EFMR71A03",31.2,34.2
072424,EFMR,JH,A,"FLIR072424EFMRJHA01, FLIR072424EFMRJHA02, FLIR072424EFMRJHA03",30.7,31.3
072424,EFMR,QP,A,"FLIR072424EFMRQPA01, FLIR072424EFMRQPA02",30.1,31.7
072424,EFMR,23,A,"FLIR072424EFMR23A01, FLIR072424EFMR23A02",29.7,
072524,EFMR,JC,M,"FLIR072524EFMRJCM01, FLIR072524EFMRJCM02, FLIR072524EFMRJCM03, FLIR072524EFMRJCM04",26.2,34.1
072524,EFMR,JFK,M,"FLIR072524EFMRJFKM01, FLIR072524EFMRJFKM02, FLIR072524EFMRJFKM03",30.4,32.2
072524,EFMR,VW,M,"FLIR072524EFMRVWM01, FLIR072524EFMRVWM02, FLIR072524EFMRVWM03",30.2,31.9
072524,EFMR,KG,M,"FLIR072524EFMRKGM01, FLIR072524EFMRKGM02, FLIR072524EFMRKGM03",29.6,31.4
072524,EFMR,71,M,"FLIR072524EFMR71M01, FLIR072524EFMR71M02, FLIR072524EFMR71M03",30.0,32.6
072524,EFMR,JH,M,"FLIR072524EFMRJHM01, FLIR072524EFMRJHM02, FLIR072524EFMRJHM03",31.2,31.3
072524,EFMR,QP,M,"FLIR072524EFMRQPM01, FLIR072524EFMRQPM02, FLIR072524EFMRQPM03",30.4,30.7
072524,EFMR,23,M,"FLIR072524EFMR23M01, FLIR072524EFMR23M02",30.3,
072524,EFMR,JC,M,"FLIR072524EFMRJCM01, FLIR072524EFMRJCM02, FLIR072524EFMRJCM03",30.8,35.2
072524,EFMR,JFK,M,"FLIR072524EFMRJFKM01, FLIR072524EFMRJFKM02",31.8,31.6
072524,EFMR,VW,M,"FLIR072524EFMRVWM01, FLIR072524EFMRVWM02, FLIR072524EFMRVWM03",30.3,30.5
072524,EFMR,KG,A,"FLIR072524EFMRKGA01, FLIR072524EFMRKGA02, FLIR072524EFMRKGA03",27.8,32.7
072524,EFMR,71,A,"FLIR072524EFMR71A01, FLIR072524EFMR71A02",31.7,33.8
072524,EFMR,JH,A,"FLIR072524EFMRJHA01, FLIR072524EFMRJHA02, FLIR072524EFMRJHA03",32.1,33.3
072524,EFMR,QP,A,"FLIR072524EFMRQPA01, FLIR072524EFMRQPA02, FLIR072524EFMRQPA03",30.2,31.1
072524,EFMR,23,A,"FLIR072524EFMR23A01, FLIR072524EFMR23A02, FLIR072524EFMR23A03",32.3,
071124,F,42,M,"FLIR071124F42M01, FLIR071124F42M02, FLIR071124F42M03, FLIR071124F42M04, FLIR071124F42M05",31.3,33.2
070824,FQ,96,M,"FLIR070824FQ96M01, FLIR070824FQ96M02, FLIR070824FQ96M03, FLIR070824FQ96M04, FLIR070824FQ96M05",30.7,30.2
070824,FQ,86,M,"FLIR070824FQ86M01, FLIR070824FQ86M02, FLIR070824FQ86M03",30.2,30.2
070824,FQ,72,A,"FLIR070824FQ72A01, FLIR070824FQ72A02",31.4,31.1
070824,FQ,63,A,"FLIR070824FQ63A01, FLIR070824FQ63A02, FLIR070824FQ63A03",31.6,31.3
070924,FQ,96,M,"FLIR070924FQ96M01, FLIR070924FQ96M02, FLIR070924FQ96M03, FLIR070924FQ96M04",30.7,28.9
070924,FQ,86,M,"FLIR070924FQ86M01, FLIR070924FQ86M02, FLIR070924FQ86M03, FLIR070924FQ86M04, FLIR070924FQ86M05, FLIR070924FQ86M06, FLIR070924FQ86M07",30.8,30.1
070924,FQ,72,A,"FLIR070924FQ72A01, FLIR070924FQ72A02, FLIR070924FQ72A03, FLIR070924FQ72A04",31.7,31.3
070924,FQ,63,A,"FLIR070924FQ63A01, FLIR070924FQ63A02, FLIR070924FQ63A03",32.1,31.8
071024,FQ,96,M,"FLIR071024FQ96M01, FLIR071024FQ96M02, FLIR071024FQ96M03, FLIR071024FQ96M04",31.3,31.6
071024,FQ,86,M,"FLIR071024FQ86M01, FLIR071024FQ86M02, FLIR071024FQ86M03, FLIR071024FQ86M04",31.4,31.1
071024,FQ,72,M,"FLIR071024FQ72M01, FLIR071024FQ72M02, FLIR071024FQ72M03, FLIR071024FQ72M04",32.1,31.4
071024,FQ,63,A,"FLIR071024FQ63A01, FLIR071024FQ63A02, FLIR071024FQ63A03, FLIR071024FQ63A04, FLIR071024FQ63A05",31.8,31.5
071524,FQ,96,M,"FLIR071524FQ96M01, FLIR071524FQ96M02, FLIR071524FQ96M03, FLIR071524FQ96M04, FLIR071524FQ96M05, FLIR071524FQ96M06, FLIR071524FQ96M07",28.8,27.9
071524,FQ,86,M,"FLIR071524FQ86M01, FLIR071524FQ86M02, FLIR071524FQ86M03, FLIR071524FQ86M04",31.2,30.5
071524,FQ,72,A,"FLIR071524FQ72A01, FLIR071524FQ72A02, FLIR071524FQ72A03, FLIR071524FQ72A04, FLIR071524FQ72A05, FLIR071524FQ72A06",31.4,31.1
071524,FQ,63,A,"FLIR071524FQ63A01, FLIR071524FQ63A02, FLIR071524FQ63A03, FLIR071524FQ63A04, FLIR071524FQ63A05, FLIR071524FQ63A06, FLIR071524FQ63A07",31.7,31.6
071624,FQ,96,M,"FLIR071624FQ96M01, FLIR071624FQ96M02, FLIR071624FQ96M03, FLIR071624FQ96M04",30.1,28.7
071624,FQ,86,M,"FLIR071624FQ86M01, FLIR071624FQ86M02, FLIR071624FQ86M03, FLIR071624FQ86M04",31.3,30.5
071624,FQ,72,M,"FLIR071624FQ72M01, FLIR071624FQ72M02, FLIR071624FQ72M03, FLIR071624FQ72M04, FLIR071624FQ72M05",32.0,31.6
071624,FQ,63,M,"FLIR071624FQ63M01, FLIR071624FQ63M02, FLIR071624FQ63M03, FLIR071624FQ63M04, FLIR071624FQ63M05, FLIR071624FQ63M06",32.0,31.6
071724,FQ,96,M,"FLIR071724FQ96M01, FLIR071724FQ96M02, FLIR071724FQ96M03, FLIR071724FQ96M04, FLIR071724FQ96M05, FLIR071724FQ96M06, FLIR071724FQ96M07, FLIR071724FQ96M08",30.6,30.6
071724,FQ,86,M,"FLIR071724FQ86M01, FLIR071724FQ86M02, FLIR071724FQ86M03, FLIR071724FQ86M04",31.3,30.8
071724,FQ,72,M,"FLIR071724FQ72M01, FLIR071724FQ72M02, FLIR071724FQ72M03, FLIR071724FQ72M04",31.8,31.6
071724,FQ,63,A,"FLIR071724FQ63A01, FLIR071724FQ63A02, FLIR071724FQ63A03, FLIR071724FQ63A04, FLIR071724FQ63A05, FLIR071724FQ63A06, FLIR071724FQ63A07",31.8,31.3
072224,FQ,96,M,"FLIR072224FQ96M01, FLIR072224FQ96M02, FLIR072224FQ96M03, FLIR072224FQ96M04, FLIR072224FQ96M05, FLIR072224FQ96M06",29.6,29.0
072224,FQ,86,M,"FLIR072224FQ86M01, FLIR072224FQ86M02, FLIR072224FQ86M03, FLIR072224FQ86M04, FLIR072224FQ86M05, FLIR072224FQ86M06",31.3,30.6
072224,FQ,72,M,"FLIR072224FQ72M01, FLIR072224FQ72M02, FLIR072224FQ72M03, FLIR072224FQ72M04, FLIR072224FQ72M05",31.0,31.1
072224,FQ,63,A,"FLIR072224FQ63A01, FLIR072224FQ63A02, FLIR072224FQ63A03, FLIR072224FQ63A04, FLIR072224FQ63A05",31.4,31.2
072224,FQ,42,A,"FLIR072224FQ42A01, FLIR072224FQ42A02, FLIR072224FQ42A03, FLIR072224FQ42A04, FLIR072224FQ42A05, FLIR072224FQ42A06",32.9,
072424,FQ,96,M,"FLIR072424FQ96M01, FLIR072424FQ96M02, FLIR072424FQ96M03",27.9,27.4
072424,FQ,86,M,"FLIR072424FQ86M01, FLIR072424FQ86M02, FLIR072424FQ86M03, FLIR072424FQ86M04",30.9,30.4
072424,FQ,72,M,"FLIR072424FQ72M01, FLIR072424FQ72M02, FLIR072424FQ72M03, FLIR072424FQ72M04, FLIR072424FQ72M05",30.7,30.6
072424,FQ,63,A,"FLIR072424FQ63A01, FLIR072424FQ63A02, FLIR072424FQ63A03, FLIR072424FQ63A04",31.0,30.7
072524,FQ,96,M,"FLIR072524FQ96M01, FLIR072524FQ96M02, FLIR072524FQ96M03, FLIR072524FQ96M04, FLIR072524FQ96M05",29.6,29.1
072524,FQ,86,M,"FLIR072524FQ86M01, FLIR072524FQ86M02, FLIR072524FQ86M03, FLIR072524FQ86M04, FLIR072524FQ86M05",31.3,31.1
072524,FQ,72,M,"FLIR072524FQ72M01, FLIR072524FQ72M02, FLIR072524FQ72M03, FLIR072524FQ72M04",31.5,31.8
072524,FQ,63,A,"FLIR072524FQ63A01, FLIR072524FQ63A02, FLIR072524FQ63A03, FLIR072524FQ63A04, FLIR072524FQ63A05",32.1,32.0
071124,FQ,96,M,"FLIR071124FQ96M01, FLIR071124FQ96M02, FLIR071124FQ96M03, FLIR071124FQ96M04, FLIR071124FQ96M05",29.4,28.1
071124,FQ,86,M,"FLIR071124FQ86M01, FLIR071124FQ86M02, FLIR071124FQ86M03, FLIR071124FQ86M04",28.9,28.0
071124,FQ,72,M,"FLIR071124FQ72M01, FLIR071124FQ72M02, FLIR071124FQ72M03, FLIR071124FQ72M04",31.2,30.2
071124,FQ,63,M,"FLIR071124FQ63M01, FLIR071124FQ63M02, FLIR071124FQ63M03, FLIR071124FQ63M04",31.8,31.6
072924,FQ,96,M,"FLIR072924FQ96M01, FLIR072924FQ96M02, FLIR072924FQ96M03, FLIR072924FQ96M04",29.3,29.5
072924,FQ,86,M,"FLIR072924FQ86M01, FLIR072924FQ86M02, FLIR072924FQ86M03",29.3,28.4
072924,FQ,72,M,"FLIR072924FQ72M01, FLIR072924FQ72M02, FLIR072924FQ72M03",29.8,29.2
072924,FQ,63,M,"FLIR072924FQ63M01, FLIR072924FQ63M02, FLIR072924FQ63M03",30.4,30.7
073024,FQ,96,M,"FLIR073024FQ96M01, FLIR073024FQ96M02, FLIR073024FQ96M03",31.1,29.8
073024,FQ,86,M,"FLIR073024FQ86M01, FLIR073024FQ86M02, FLIR073024FQ86M03",29.8,28.6
073024,FQ,72,M,"FLIR073024FQ72M01, FLIR073024FQ72M02, FLIR073024FQ72M03",30.1,29.7
073024,FQ,63,M,"FLIR073024FQ63M01, FLIR073024FQ63M02, FLIR073024FQ63M03",30.8,30.6
073124,FQ,63,M,"FLIR073124FQ63M01, FLIR073124FQ63M02, FLIR073124FQ63M03",30.9,30.9
080124,FQ,96,M,"FLIR080124FQ96M01, FLIR080124FQ96M02, FLIR080124FQ96M03",29.1,25.6
080124,FQ,86,M,"FLIR080124FQ86M01, FLIR080124FQ86M02, FLIR080124FQ86M03",30.4,28.2
080124,FQ,72,M,"FLIR080124FQ72M01, FLIR080124FQ72M02, FLIR080124FQ72M03",30.8,29.7
080124,FQ,63,M,"FLIR080124FQ63M01, FLIR080124FQ63M02",32.1,30.6
070224,NR,59,A,FLIR070224NR59A01,27.8,
070224,NR,59,A,FLIR070224NR59A01,29.4,
070324,NR,59,M,FLIR070324NR59M01,28.6,
070324,NR,59,A,"FLIR070324NR59A01, FLIR070324NR59A02",28.8,
070824,NR,59,M,"FLIR070824NR59M01, FLIR070824NR59M02, FLIR070824NR59M03",32.5,
070824,NR,59,A,"FLIR070824NR59A01, FLIR070824NR59A02, FLIR070824NR59A03",33.7,
070924,NR,59,M,"FLIR070924NR59M01, FLIR070924NR59M02, FLIR070924NR59M03",33.1,
070924,NR,59,A,"FLIR070924NR59A01, FLIR070924NR59A02, FLIR070924NR59A03",32.5,
071024,NR,59,M,"FLIR071024NR59M01, FLIR071024NR59M02, FLIR071024NR59M03",32.1,
071024,NR,59,A,"FLIR071024NR59A01, FLIR071024NR59A02, FLIR071024NR59A03",33.4,
071124,NR,59,M,"FLIR071124NR59M01, FLIR071124NR59M02, FLIR071124NR59M03",31.7,
071524,NR,59,M,"FLIR071524NR59M01, FLIR071524NR59M02, FLIR071524NR59M03",29.6,
071524,NR,59,A,"FLIR071524NR59A01, FLIR071524NR59A02, FLIR071524NR59A03",34.4,
071624,NR,59,M,"FLIR071624NR59M01, FLIR071624NR59M02",33.6,
071624,NR,59,A,"FLIR071624NR59A01, FLIR071624NR59A02, FLIR071624NR59A03",34.2,
071824,NR,59,M,"FLIR071824NR59M01, FLIR071824NR59M02, FLIR071824NR59M03",28.9,
072224,NR,59,M,"FLIR072224NR59M01, FLIR072224NR59M02",30.4,
072224,NR,59,A,"FLIR072224NR59A01, FLIR072224NR59A02, FLIR072224NR59A03",32.4,
072424,NR,59,M,"FLIR072424NR59M01, FLIR072424NR59M02",31.3,
072424,NR,59,A,"FLIR072424NR59A01, FLIR072424NR59A02",30.0,
072524,NR,59,M,"FLIR072524NR59M01, FLIR072524NR59M02",28.7,
072524,NR,59,A,"FLIR072524NR59A01, FLIR072524NR59A02",29.9,
072924,NR,59,M,"FLIR072924NR59M01, FLIR072924NR59M02",30.1,
073024,NR,59,M,"FLIR073024NR59M01, FLIR073024NR59M02, FLIR073024NR59M03",31.4,
073024,NR,59,A,"FLIR073024NR59A01, FLIR073024NR59A02, FLIR073024NR59A03",33.6,
080124,NR,59,M,"FLIR080124NR59M01, FLIR080124NR59M02, FLIR080124NR59M03",31.7,
080124,NR,59,A,"FLIR080124NR59A01, FLIR080124NR59A02",33.9,
070224,R,95,M,FLIR070224R95M01,29.2,
070224,R,86,M,FLIR070224R86M01,28.9,
070224,R,77,A,FLIR070224R77A01,29.7,
070224,R,BRA,A,FLIR070224RBRAA01,29.8,
070224,R,53,A,FLIR070224R53A01,28.9,
070224,R,45,A,FLIR070224R45A01,28.9,
070224,R,36,A,FLIR070224R36A01,29.4,
070224,R,25,A,FLIR070224R25A01,29.5,
070224,R,PA,A,FLIR070224RPAA01,28.8,
070224,R,4A9S,A,FLIR070224R4A9SA01,28.8,
070224,R,US,A,FLIR070224RUSA01,28.4,
070224,R,95,A,FLIR070224R95A01,28.4,
070224,R,77,A,FLIR070224R77A01,29.1,
070224,R,45,A,FLIR070224R45A01,30.7,
070224,R,25,A,FLIR070224R25A01,30.6,
070224,R,PA,A,FLIR070224RPAA01,29.7,
070224,R,4A9S,A,FLIR070224R4A9SA01,30.5,
070224,R,US,A,FLIR070224RUSA01,30.3,
070324,R,95,M,"FLIR070324R95M01, FLIR070324R95M02",29.3,
070324,R,86,M,"FLIR070324R86M01, FLIR070324R86M02",27.4,
070324,R,77,M,FLIR070324R77M01,28.1,
070324,R,BRA,M,FLIR070324RBRAM01,28.1,
070324,R,53,M,"FLIR070324R53M01, FLIR070324R53M02",28.7,
070324,R,45,M,FLIR070324R45M01,28.2,
070324,R,25,M,"FLIR070324R25M01, FLIR070324R25M02",28.9,
070324,R,PA,M,"FLIR070324RPAM01, FLIR070324RPAM02",30.2,
070324,R,4A9S,M,"FLIR070324R4A9SM01, FLIR070324R4A9SM02",29.7,
070324,R,US,A,"FLIR070324RUSA01, FLIR070324RUSA02",27.9,
070324,R,95,A,"FLIR070324R95A01, FLIR070324R95A02",30.2,
070324,R,86,A,"FLIR070324R86A01, FLIR070324R86A02",28.2,
070324,R,77,A,"FLIR070324R77A01, FLIR070324R77A02",28.5,
070324,R,BRA,A,"FLIR070324RBRAA01, FLIR070324RBRAA02",30.2,
070324,R,53,A,"FLIR070324R53A01, FLIR070324R53A02",29.5,
070324,R,45,A,"FLIR070324R45A01, FLIR070324R45A02",29.3,
070324,R,25,A,"FLIR070324R25A01, FLIR070324R25A02",29.6,
070324,R,PA,A,"FLIR070324RPAA01, FLIR070324RPAA02",30.2,
070324,R,4A9S,A,"FLIR070324R4A9SA01, FLIR070324R4A9SA02",29.5,
070324,R,US,A,"FLIR070324RUSA01, FLIR070324RUSA02",31.0,
070824,R,95,M,"FLIR070824R95M01, FLIR070824R95M02",30.9,
070824,R,86,M,"FLIR070824R86M01, FLIR070824R86M02, FLIR070824R86M03",33.4,
070824,R,77,M,"FLIR070824R77M01, FLIR070824R77M02, FLIR070824R77M03",31.9,
070824,R,BRA,M,"FLIR070824RBRAM01, FLIR070824RBRAM02, FLIR070824RBRAM03",33.1,
070824,R,53,M,"FLIR070824R53M01, FLIR070824R53M02, FLIR070824R53M03",32.4,
070824,R,45,M,"FLIR070824R45M01, FLIR070824R45M02, FLIR070824R45M03",32.4,
070824,R,25,M,"FLIR070824R25M01, FLIR070824R25M02, FLIR070824R25M03",32.6,
070824,R,36,M,"FLIR070824R36M01, FLIR070824R36M02, FLIR070824R36M03, FLIR070824R36M04",32.6,
070824,R,4A9S,M,"FLIR070824R4A9SM01, FLIR070824R4A9SM02, FLIR070824R4A9SM03",32.7,
070824,R,US,M,"FLIR070824RUSM01, FLIR070824RUSM02, FLIR070824RUSM03",33.1,
070824,R,95,A,"FLIR070824R95A01, FLIR070824R95A02, FLIR070824R95A03",33.0,
070824,R,86,A,"FLIR070824R86A01, FLIR070824R86A02, FLIR070824R86A03",32.3,
070824,R,77,A,"FLIR070824R77A01, FLIR070824R77A02, FLIR070824R77A03",34.0,
070824,R,BRA,A,"FLIR070824RBRAA01, FLIR070824RBRAA02, FLIR070824RBRAA03",33.6,
070824,R,53,A,"FLIR070824R53A01, FLIR070824R53A02, FLIR070824R53A03, FLIR070824R53A04",31.7,
070824,R,BRA,A,"FLIR070824RBRAA01, FLIR070824RBRAA02, FLIR070824RBRAA03",33.3,
070824,R,36,A,"FLIR070824R36A01, FLIR070824R36A02, FLIR070824R36A03",33.9,
070824,R,25,A,"FLIR070824R25A01, FLIR070824R25A02, FLIR070824R25A03, FLIR070824R25A04",33.4,
070824,R,PA,A,"FLIR070824RPAA01, FLIR070824RPAA02, FLIR070824RPAA03",31.9,
070824,R,4A9S,A,"FLIR070824R4A9SA01, FLIR070824R4A9SA02, FLIR070824R4A9SA03",32.4,
070824,R,US,A,"FLIR070824RUSA01, FLIR070824RUSA02, FLIR070824RUSA03",32.8,
070924,R,95,M,"FLIR070924R95M01, FLIR070924R95M02",34.2,
070924,R,86,M,"FLIR070924R86M01, FLIR070924R86M02, FLIR070924R86M03",30.3,
070924,R,77,M,"FLIR070924R77M01, FLIR070924R77M02, FLIR070924R77M03",30.9,
070924,R,BRA,M,"FLIR070924RBRAM01, FLIR070924RBRAM02, FLIR070924RBRAM03",32.9,
070924,R,53,M,"FLIR070924R53M01, FLIR070924R53M02, FLIR070924R53M03",32.7,
070924,R,45,M,"FLIR070924R45M01, FLIR070924R45M02, FLIR070924R45M03",31.7,
070924,R,25,M,"FLIR070924R25M01, FLIR070924R25M02, FLIR070924R25M03",33.4,
070924,R,PA,M,"FLIR070924RPAM01, FLIR070924RPAM02, FLIR070924RPAM03",32.2,
070924,R,4A9S,M,"FLIR070924R4A9SM01, FLIR070924R4A9SM02, FLIR070924R4A9SM03",31.8,
070924,R,US,A,"FLIR070924RUSA01, FLIR070924RUSA02, FLIR070924RUSA03",31.9,
070924,R,95,A,"FLIR070924R95A01, FLIR070924R95A02, FLIR070924R95A03",32.9,
070924,R,86,A,"FLIR070924R86A01, FLIR070924R86A02, FLIR070924R86A03",30.6,
070924,R,77,A,"FLIR070924R77A01, FLIR070924R77A02, FLIR070924R77A03",31.7,
070924,R,BRA,A,"FLIR070924RBRAA01, FLIR070924RBRAA02, FLIR070924RBRAA03, FLIR070924RBRAA04",30.4,
070924,R,53,A,"FLIR070924R53A01, FLIR070924R53A02, FLIR070924R53A03",31.4,
070924,R,45,A,"FLIR070924R45A01, FLIR070924R45A02, FLIR070924R45A03",32.5,
070924,R,25,A,"FLIR070924R25A01, FLIR070924R25A02, FLIR070924R25A03",33.3,
070924,R,PA,A,"FLIR070924RPAA01, FLIR070924RPAA02, FLIR070924RPAA03",32.9,
070924,R,4A9S,A,"FLIR070924R4A9SA01, FLIR070924R4A9SA02, FLIR070924R4A9SA03",33.4,
070924,R,US,A,"FLIR070924RUSA01, FLIR070924RUSA02, FLIR070924RUSA03",33.1,
071024,R,95,M,"FLIR071024R95M01, FLIR071024R95M02, FLIR071024R95M03",32.9,
071024,R,86,M,"FLIR071024R86M01, FLIR071024R86M02, FLIR071024R86M03",30.5,
071024,R,77,M,"FLIR071024R77M01, FLIR071024R77M02, FLIR071024R77M03",31.8,
071024,R,BRA,M,"FLIR071024RBRAM01, FLIR071024RBRAM02, FLIR071024RBRAM03",31.2,
071024,R,53,M,"FLIR071024R53M01, FLIR071024R53M02, FLIR071024R53M03",32.8,
071024,R,45,M,"FLIR071024R45M01, FLIR071024R45M02, FLIR071024R45M03",30.9,
071024,R,25,M,"FLIR071024R25M01, FLIR071024R25M02, FLIR071024R25M03",32.4,
071024,R,PA,M,"FLIR071024RPAM01, FLIR071024RPAM02, FLIR071024RPAM03",32.6,
071024,R,4A9S,M,"FLIR071024R4A9SM01, FLIR071024R4A9SM02, FLIR071024R4A9SM03",31.4,
071024,R,US,M,"FLIR071024RUSM01, FLIR071024RUSM02, FLIR071024RUSM03",32.1,
071024,R,BRA,A,"FLIR071024RBRAA01, FLIR071024RBRAA02, FLIR071024RBRAA03",37.9,
071024,R,86,A,"FLIR071024R86A01, FLIR071024R86A02, FLIR071024R86A03",31.6,
071024,R,77,A,"FLIR071024R77A01, FLIR071024R77A02, FLIR071024R77A03",31.6,
071024,R,BRA,A,"FLIR071024RBRAA01, FLIR071024RBRAA02, FLIR071024RBRAA03",32.5,
071024,R,53,A,"FLIR071024R53A01, FLIR071024R53A02, FLIR071024R53A03",33.2,
071024,R,45,A,"FLIR071024R45A01, FLIR071024R45A02, FLIR071024R45A03",33.2,
071024,R,25,A,"FLIR071024R25A01, FLIR071024R25A02, FLIR071024R25A03",33.7,
071024,R,PA,A,"FLIR071024RPAA01, FLIR071024RPAA02, FLIR071024RPAA03",33.3,
071024,R,4A9S,A,"FLIR071024R4A9SA01, FLIR071024R4A9SA02, FLIR071024R4A9SA03, FLIR071024R4A9SA04",32.8,
071024,R,US,A,"FLIR071024RUSA01, FLIR071024RUSA02, FLIR071024RUSA03",33.4,
071124,R,95,M,"FLIR071124R95M01, FLIR071124R95M02, FLIR071124R95M03",32.5,
071124,R,77,M,"FLIR071124R77M01, FLIR071124R77M02, FLIR071124R77M03",31.4,
071124,R,BRA,M,"FLIR071124RBRAM01, FLIR071124RBRAM02, FLIR071124RBRAM03",29.4,
071124,R,53,M,"FLIR071124R53M01, FLIR071124R53M02, FLIR071124R53M03, FLIR071124R53M04",31.6,
071124,R,45,M,"FLIR071124R45M01, FLIR071124R45M02, FLIR071124R45M03",30.3,
071124,R,25,M,"FLIR071124R25M01, FLIR071124R25M02, FLIR071124R25M03",32.0,
071124,R,PA,M,"FLIR071124RPAM01, FLIR071124RPAM02, FLIR071124RPAM03, FLIR071124RPAM04",29.6,
071124,R,4A9S,M,"FLIR071124R4A9SM01, FLIR071124R4A9SM02, FLIR071124R4A9SM03",30.2,
071124,R,US,A,"FLIR071124RUSA01, FLIR071124RUSA02, FLIR071124RUSA03",30.7,
071524,R,95,M,"FLIR071524R95M01, FLIR071524R95M02, FLIR071524R95M03, FLIR071524R95M04",32.1,
071524,R,86,M,"FLIR071524R86M01, FLIR071524R86M02",30.6,
071524,R,77,M,"FLIR071524R77M01, FLIR071524R77M02",30.9,
071524,R,BRA,M,"FLIR071524RBRAM01, FLIR071524RBRAM02, FLIR071524RBRAM03",31.7,
071524,R,53,M,"FLIR071524R53M01, FLIR071524R53M02, FLIR071524R53M03",31.6,
071524,R,45,M,"FLIR071524R45M01, FLIR071524R45M02, FLIR071524R45M03",32.3,
071524,R,25,M,"FLIR071524R25M01, FLIR071524R25M02, FLIR071524R25M03",32.3,
071524,R,PA,M,"FLIR071524RPAM01, FLIR071524RPAM02, FLIR071524RPAM03",33.3,
071524,R,4A9S,M,"FLIR071524R4A9SM01, FLIR071524R4A9SM02, FLIR071524R4A9SM03",32.3,
071524,R,US,A,"FLIR071524RUSA01, FLIR071524RUSA02, FLIR071524RUSA03",31.8,
071524,R,95,A,"FLIR071524R95A01, FLIR071524R95A02",33.1,
071524,R,86,A,"FLIR071524R86A01, FLIR071524R86A02, FLIR071524R86A03",32.1,
071524,R,77,A,"FLIR071524R77A01, FLIR071524R77A02, FLIR071524R77A03",33.4,
071524,R,BRA,A,"FLIR071524RBRAA01, FLIR071524RBRAA02, FLIR071524RBRAA03",33.6,
071524,R,53,A,"FLIR071524R53A01, FLIR071524R53A02, FLIR071524R53A03",34.1,
071524,R,45,A,"FLIR071524R45A01, FLIR071524R45A02, FLIR071524R45A03, FLIR071524R45A04",34.5,
071524,R,25,A,"FLIR071524R25A01, FLIR071524R25A02, FLIR071524R25A03",34.1,
071524,R,PA,A,"FLIR071524RPAA01, FLIR071524RPAA02, FLIR071524RPAA03",33.3,
071524,R,4A9S,A,"FLIR071524R4A9SA01, FLIR071524R4A9SA02, FLIR071524R4A9SA03",34.1,
071524,R,US,A,"FLIR071524RUSA01, FLIR071524RUSA02, FLIR071524RUSA03",35.4,
071624,R,95,M,"FLIR071624R95M01, FLIR071624R95M02, FLIR071624R95M03",35.1,
071624,R,86,M,"FLIR071624R86M01, FLIR071624R86M02",32.8,
071624,R,77,M,"FLIR071624R77M01, FLIR071624R77M02",33.2,
071624,R,59,M,"FLIR071624R59M01, FLIR071624R59M02",33.7,
071624,R,53,M,"FLIR071624R53M01, FLIR071624R53M02",32.2,
071624,R,45,M,"FLIR071624R45M01, FLIR071624R45M02",34.0,
071624,R,25,M,"FLIR071624R25M01, FLIR071624R25M02, FLIR071624R25M03",34.3,
071624,R,PA,M,"FLIR071624RPAM01, FLIR071624RPAM02",33.3,
071624,R,4A9S,M,"FLIR071624R4A9SM01, FLIR071624R4A9SM02, FLIR071624R4A9SM03",33.7,
071624,R,US,M,"FLIR071624RUSM01, FLIR071624RUSM02",33.8,
071624,R,95,A,"FLIR071624R95A01, FLIR071624R95A02, FLIR071624R95A03, FLIR071624R95A04",37.0,
071624,R,86,A,"FLIR071624R86A01, FLIR071624R86A02",33.7,
071624,R,77,A,"FLIR071624R77A01, FLIR071624R77A02, FLIR071624R77A03",35.2,
071624,R,BRA,A,"FLIR071624RBRAA01, FLIR071624RBRAA02",35.1,
071624,R,53,A,"FLIR071624R53A01, FLIR071624R53A02, FLIR071624R53A03",34.6,
071624,R,45,A,"FLIR071624R45A01, FLIR071624R45A02",34.9,
071624,R,25,A,"FLIR071624R25A01, FLIR071624R25A02",35.1,
071624,R,PA,A,"FLIR071624RPAA01, FLIR071624RPAA02",34.6,
071624,R,4A9S,A,"FLIR071624R4A9SA01, FLIR071624R4A9SA02",34.7,
071624,R,US,A,"FLIR071624RUSA01, FLIR071624RUSA02",35.5,
071824,R,95,M,"FLIR071824R95M01, FLIR071824R95M02, FLIR071824R95M03",29.9,
071824,R,86,M,"FLIR071824R86M01, FLIR071824R86M02",30.4,
071824,R,77,M,"FLIR071824R77M01, FLIR071824R77M02, FLIR071824R77M03",27.3,
071824,R,BRA,M,"FLIR071824RBRAM01, FLIR071824RBRAM02, FLIR071824RBRAM03",28.4,
071824,R,53,M,"FLIR071824R53M01, FLIR071824R53M02",30.9,
071824,R,45,M,"FLIR071824R45M01, FLIR071824R45M02",29.9,
071824,R,25,M,"FLIR071824R25M01, FLIR071824R25M02, FLIR071824R25M03",31.7,
071824,R,PA,M,"FLIR071824RPAM01, FLIR071824RPAM02, FLIR071824RPAM03",32.2,
071824,R,4A9S,M,"FLIR071824R4A9SM01, FLIR071824R4A9SM02",30.2,
071824,R,US,M,"FLIR071824RUSM01, FLIR071824RUSM02, FLIR071824RUSM03",29.4,
072224,R,95,M,"FLIR072224R95M01, FLIR072224R95M02, FLIR072224R95M03, FLIR072224R95M04",32.1,
072224,R,86,M,"FLIR072224R86M01, FLIR072224R86M02, FLIR072224R86M03",28.5,
072224,R,77,M,"FLIR072224R77M01, FLIR072224R77M02, FLIR072224R77M03",30.2,
072224,R,BRA,M,"FLIR072224RBRAM01, FLIR072224RBRAM02, FLIR072224RBRAM03",32.3,
072224,R,53,M,"FLIR072224R53M01, FLIR072224R53M02",30.4,
072224,R,45,M,"FLIR072224R45M01, FLIR072224R45M02",30.9,
072224,R,25,M,"FLIR072224R25M01, FLIR072224R25M02",32.7,
072224,R,PA,M,"FLIR072224RPAM01, FLIR072224RPAM02",32.4,
072224,R,4A9S,M,"FLIR072224R4A9SM01, FLIR072224R4A9SM02, FLIR072224R4A9SM03",31.3,
072224,R,US,A,"FLIR072224RUSA01, FLIR072224RUSA02",31.5,
072224,R,95,A,"FLIR072224R95A01, FLIR072224R95A02",31.7,
072224,R,86,A,"FLIR072224R86A01, FLIR072224R86A02",31.5,
072224,R,77,A,"FLIR072224R77A01, FLIR072224R77A02",30.9,
072224,R,BRA,A,"FLIR072224RBRAA01, FLIR072224RBRAA02",32.1,
072224,R,53,A,"FLIR072224R53A01, FLIR072224R53A02",32.6,
072224,R,45,A,"FLIR072224R45A01, FLIR072224R45A02",32.2,
072224,R,25,A,"FLIR072224R25A01, FLIR072224R25A02",32.5,
072224,R,PA,A,"FLIR072224RPAA01, FLIR072224RPAA02",31.4,
072224,R,4A9S,A,"FLIR072224R4A9SA01, FLIR072224R4A9SA02",31.4,
072224,R,US,A,"FLIR072224RUSA01, FLIR072224RUSA02",30.8,
072424,R,95,M,"FLIR072424R95M01, FLIR072424R95M02, FLIR072424R95M03",28.4,
072424,R,86,M,"FLIR072424R86M01, FLIR072424R86M02",28.3,
072424,R,77,M,"FLIR072424R77M01, FLIR072424R77M02",28.7,
072424,R,BRA,M,"FLIR072424RBRAM01, FLIR072424RBRAM02",29.7,
072424,R,45,M,"FLIR072424R45M01, FLIR072424R45M02",30.4,
072424,R,25,M,"FLIR072424R25M01, FLIR072424R25M02",30.8,
072424,R,PA,A,"FLIR072424RPAA01, FLIR072424RPAA02",31.2,
072424,R,4A9S,A,"FLIR072424R4A9SA01, FLIR072424R4A9SA02",31.3,
072424,R,US,A,"FLIR072424RUSA01, FLIR072424RUSA02",31.0,
072424,R,95,A,"FLIR072424R95A01, FLIR072424R95A02",33.6,
072424,R,86,A,"FLIR072424R86A01, FLIR072424R86A02",31.1,
072424,R,77,A,"FLIR072424R77A01, FLIR072424R77A02",29.2,
072424,R,BRA,A,"FLIR072424RBRAA01, FLIR072424RBRAA02",31.4,
072424,R,53,A,"FLIR072424R53A01, FLIR072424R53A02",32.3,
072424,R,45,A,"FLIR072424R45A01, FLIR072424R45A02",31.8,
072424,R,25,A,"FLIR072424R25A01, FLIR072424R25A02",33.8,
072424,R,PA,A,"FLIR072424RPAA01, FLIR072424RPAA02",32.6,
072424,R,US,A,"FLIR072424RUSA01, FLIR072424RUSA02",30.6,
072524,R,95,M,"FLIR072524R95M01, FLIR072524R95M02",32.1,
072524,R,86,M,"FLIR072524R86M01, FLIR072524R86M02",30.4,
072524,R,77,M,"FLIR072524R77M01, FLIR072524R77M02",28.1,
072524,R,BRA,M,"FLIR072524RBRAM01, FLIR072524RBRAM02",29.4,
072524,R,53,M,"FLIR072524R53M01, FLIR072524R53M02",32.1,
072524,R,45,M,"FLIR072524R45M01, FLIR072524R45M02",29.8,
072524,R,25,M,"FLIR072524R25M01, FLIR072524R25M02",29.2,
072524,R,PA,M,"FLIR072524RPAM01, FLIR072524RPAM02",30.3,
072524,R,4A9S,M,"FLIR072524R4A9SM01, FLIR072524R4A9SM02",31.3,
072524,R,US,M,"FLIR072524RUSM01, FLIR072524RUSM02",30.6,
072524,R,95,A,"FLIR072524R95A01, FLIR072524R95A02",32.7,
072524,R,86,A,"FLIR072524R86A01, FLIR072524R86A02",31.4,
072524,R,7,A,"FLIR072524R7A01, FLIR072524R7A02",30.1,
072524,R,BRA,A,"FLIR072524RBRAA01, FLIR072524RBRAA02",31.3,
072524,R,53,A,"FLIR072524R53A01, FLIR072524R53A02",32.8,
072524,R,45,A,"FLIR072524R45A01, FLIR072524R45A02",33.4,
072524,R,25,A,"FLIR072524R25A01, FLIR072524R25A02",31.6,
072524,R,PA,A,"FLIR072524RPAA01, FLIR072524RPAA02",30.9,
072524,R,4A9S,A,"FLIR072524R4A9SA01, FLIR072524R4A9SA02",29.8,
072524,R,US,A,"FLIR072524RUSA01, FLIR072524RUSA02",31.0,
072924,R,95,M,"FLIR072924R95M01, FLIR072924R95M02",33.2,
072924,R,86,M,"FLIR072924R86M01, FLIR072924R86M02, FLIR072924R86M03",29.2,
072924,R,77,M,"FLIR072924R77M01, FLIR072924R77M02",29.4,
072924,R,BRA,M,"FLIR072924RBRAM01, FLIR072924RBRAM02",31.8,
072924,R,53,M,"FLIR072924R53M01, FLIR072924R53M02",30.3,
072924,R,45,M,"FLIR072924R45M01, FLIR072924R45M02",31.4,
072924,R,25,A,"FLIR072924R25A01, FLIR072924R25A02, FLIR072924R25A03",30.9,
072924,R,PA,A,"FLIR072924RPAA01, FLIR072924RPAA02, FLIR072924RPAA03",30.2,
072924,R,4A9S,A,"FLIR072924R4A9SA01, FLIR072924R4A9SA02, FLIR072924R4A9SA03",32.8,
072924,R,US,A,"FLIR072924RUSA01, FLIR072924RUSA02, FLIR072924RUSA03",32.1,
073024,R,95,M,"FLIR073024R95M01, FLIR073024R95M02, FLIR073024R95M03",30.2,
073024,R,86,M,"FLIR073024R86M01, FLIR073024R86M02",30.3,
073024,R,77,M,"FLIR073024R77M01, FLIR073024R77M02",29.3,
073024,R,BRA,M,"FLIR073024RBRAM01, FLIR073024RBRAM02",31.0,
073024,R,53,M,"FLIR073024R53M01, FLIR073024R53M02, FLIR073024R53M03",31.6,
073024,R,45,M,"FLIR073024R45M01, FLIR073024R45M02, FLIR073024R45M03",32.1,
073024,R,25,M,"FLIR073024R25M01, FLIR073024R25M02, FLIR073024R25M03",30.3,
073024,R,PA,M,"FLIR073024RPAM01, FLIR073024RPAM02, FLIR073024RPAM03",31.4,
073024,R,4A9S,M,"FLIR073024R4A9SM01, FLIR073024R4A9SM02, FLIR073024R4A9SM03",31.8,
073024,R,US,M,"FLIR073024RUSM01, FLIR073024RUSM02, FLIR073024RUSM03",32.0,
073024,R,95,M,"FLIR073024R95M01, FLIR073024R95M02, FLIR073024R95M03",34.0,
073024,R,86,A,"FLIR073024R86A01, FLIR073024R86A02, FLIR073024R86A03",31.4,
073024,R,77,A,"FLIR073024R77A01, FLIR073024R77A02, FLIR073024R77A03",30.6,
073024,R,BRA,A,"FLIR073024RBRAA01, FLIR073024RBRAA02, FLIR073024RBRAA03",32.5,
073024,R,53,A,"FLIR073024R53A01, FLIR073024R53A02",31.9,
073024,R,45,A,"FLIR073024R45A01, FLIR073024R45A02, FLIR073024R45A03",32.4,
073024,R,4A9S,A,"FLIR073024R4A9SA01, FLIR073024R4A9SA02",32.6,
073024,R,US,A,"FLIR073024RUSA01, FLIR073024RUSA02, FLIR073024RUSA03",32.7,
080124,R,95,M,"FLIR080124R95M01, FLIR080124R95M02",32.7,
080124,R,86,M,"FLIR080124R86M01, FLIR080124R86M02, FLIR080124R86M03",32.6,
080124,R,77,M,"FLIR080124R77M01, FLIR080124R77M02, FLIR080124R77M03",31.6,
080124,R,BRA,M,"FLIR080124RBRAM01, FLIR080124RBRAM02, FLIR080124RBRAM03",32.3,
080124,R,53,M,"FLIR080124R53M01, FLIR080124R53M02, FLIR080124R53M03",31.6,
080124,R,45,M,"FLIR080124R45M01, FLIR080124R45M02, FLIR080124R45M03",32.3,
080124,R,25,M,"FLIR080124R25M01, FLIR080124R25M02, FLIR080124R25M03",32.7,
080124,R,PA,M,"FLIR080124RPAM01, FLIR080124RPAM02, FLIR080124RPAM03",32.7,
080124,R,4A9S,M,"FLIR080124R4A9SM01, FLIR080124R4A9SM02",32.4,
080124,R,US,M,"FLIR080124RUSM01, FLIR080124RUSM02, FLIR080124RUSM03",32.8,
080124,R,95,A,"FLIR080124R95A01, FLIR080124R95A02, FLIR080124R95A03",34.4,
080124,R,86,A,"FLIR080124R86A01, FLIR080124R86A02",33.2,
080124,R,77,A,"FLIR080124R77A01, FLIR080124R77A02",33.7,
080124,R,BRA,A,"FLIR080124RBRAA01, FLIR080124RBRAA02",33.9,
080124,R,53,A,"FLIR080124R53A01, FLIR080124R53A02",34.3,
080124,R,45,A,FLIR080124R45A01,34.0,
080124,R,36,A,"FLIR080124R36A01, FLIR080124R36A02",34.2,
080124,R,25,A,"FLIR080124R25A01, FLIR080124R25A02",34.3,
080124,R,PA,A,"FLIR080124RPAA01, FLIR080124RPAA02",34.8,
080124,R,4A9S,A,"FLIR080124R4A9SA01, FLIR080124R4A9SA02",33.9,
080124,R,US,A,"FLIR080124RUSA01, FLIR080124RUSA02",34.2,
070824,S,42,A,"FLIR070824S42A01, FLIR070824S42A02, FLIR070824S42A03, FLIR070824S42A04, FLIR070824S42A05, FLIR070824S42A06, FLIR070824S42A07",33.5,
070924,S,42,A,"FLIR070924S42A01, FLIR070924S42A02, FLIR070924S42A03",33.4,
071024,S,42,A,"FLIR071024S42A01, FLIR071024S42A02, FLIR071024S42A03, FLIR071024S42A04, FLIR071024S42A05, FLIR071024S42A06, FLIR071024S42A07",33.7,
071524,S,42,A,"FLIR071524S42A01, FLIR071524S42A02, FLIR071524S42A03, FLIR071524S42A04",33.7,
071624,S,42,A,"FLIR071624S42A01, FLIR071624S42A02, FLIR071624S42A03, FLIR071624S42A04, FLIR071624S42A05, FLIR071624S42A06",33.8,
071724,S,42,A,"FLIR071724S42A01, FLIR071724S42A02, FLIR071724S42A03, FLIR071724S42A04, FLIR071724S42A05, FLIR071724S42A06",33.8,
072424,S,42,A,"FLIR072424S42A01, FLIR072424S42A02, FLIR072424S42A03, FLIR072424S42A04, FLIR072424S42A05, FLIR072424S42A06",32.9,
072524,S,42,A,"FLIR072524S42A01, FLIR072524S42A02, FLIR072524S42A03, FLIR072524S42A04, FLIR072524S42A05, FLIR072524S42A06, FLIR072524S42A07, FLIR072524S42A08",33.6,
072924,S,42,A,"FLIR072924S42A01, FLIR072924S42A02, FLIR072924S42A03",32.3,32.9
073024,S,42,M,"FLIR073024S42M01, FLIR073024S42M02",30.1,32.3
073124,S,42,A,"FLIR073124S42A01, FLIR073124S42A02, FLIR073124S42A03, FLIR073124S42A04",34.1,
080124,S,42,A,"FLIR080124S42A01, FLIR080124S42A02, FLIR080124S42A03",33.1,33.1